postId,slug,previewImage,title,creatorId,collectionId,upvotes,views,reads,createdAt,firstPublishedAt,visibility,firstPublishedAtBucket,readingTime,syndicatedViews,claps,updateNotificationSubscribers,isSeries,internalReferrerViews,friendsLinkViews,primaryTopic,type
a74f7daa255a,sharing-100k-folders-with-the-box-platform,"{'id': '1*34JGhQnkuh8bsaR49EAeww.jpeg', 'originalWidth': 640, 'originalHeight': 427, 'isFeatured': True}",Sharing 100k folders with the Box Platform,19badb385e7,a995c24848a3,1,37,12,1666211625539,1667304117032,0,November 2022,4,0,1,0,False,9,0,"{'topicId': 'decb52b64abf', 'slug': 'programming', 'createdAt': 1493934116328, 'deletedAt': 0, 'image': {'id': '1*iPa136b1cGEO7lvoXg6uHQ@2x.jpeg', 'originalWidth': 6016, 'originalHeight': 4016}, 'name': 'Programming', 'description': 'The good, the bad, the buggy.', 'relatedTopics': [], 'visibility': 1, 'relatedTags': [], 'relatedTopicIds': [], 'seoTitle': 'Programming News and Articles\u200a—\u200aMedium', 'type': 'Topic'}",PostStat
db38b93a461d,new-box-cli-automation-templates-in-the-admin-console,"{'id': '1*0uSZSr09mnJD0fG6s6nFtA.png', 'originalWidth': 3578, 'originalHeight': 2030, 'isFeatured': True}",New! Box CLI automation templates in the admin console,246952a91969,a995c24848a3,0,20,9,1666986471186,1667227231892,0,October 2022,1,1,0,0,False,3,0,,PostStat
509384213e24,コンテンツプレビューui-elementの注釈機能,"{'id': '0*2jk3n0g2baR5Zq4f.png', 'originalWidth': 630, 'originalHeight': 393, 'isFeatured': True}",コンテンツプレビューUI Elementの注釈機能,5c489a4342f7,a995c24848a3,0,5,4,1666941435959,1666941990295,0,October 2022,1,2,0,0,False,5,0,,PostStat
6d471ac65f86,新機能-開発者コンソールのv2-webhook,"{'id': '0*RwSqpRvgpKfNdasL.png', 'originalWidth': 630, 'originalHeight': 250, 'isFeatured': True}",新機能: 開発者コンソールのV2 Webhook,5c489a4342f7,a995c24848a3,0,3,1,1666940327078,1666941984892,0,October 2022,5,2,0,0,False,2,0,,PostStat
b6011fa24c5,boxの統合について,"{'id': '0*aqDyNULEwk45PbEb.png', 'originalWidth': 630, 'originalHeight': 429, 'isFeatured': True}",Boxの統合について,5c489a4342f7,a995c24848a3,0,9,3,1666938990822,1666941976957,0,October 2022,13,1,0,0,False,5,0,,PostStat
9c5e1382d03d,annotations-in-content-preview-ui-element,"{'id': '1*dMZqn-QCgDWyEiiRHEuiMg.png', 'originalWidth': 1024, 'originalHeight': 639, 'isFeatured': True}",Annotations in Content Preview UI Element,f5f89a887525,a995c24848a3,0,87,76,1666110357540,1666861330798,0,October 2022,1,3,0,0,False,9,0,,PostStat
bbb30eeb6839,new-webhooks-v2-in-the-developer-console,"{'id': '1*26UoSUu6uorLmTigsxtjbw.png', 'originalWidth': 3584, 'originalHeight': 1460, 'isFeatured': True}",NEW! Webhooks V2 in the Developer Console,246952a91969,a995c24848a3,0,91,26,1666632125874,1666716684609,0,October 2022,4,2,0,0,False,14,0,,PostStat
6258891d95c4,lets-talk-about-integrating-box,"{'id': '1*IEn0I-oDs9weTycw3eC0xw.png', 'originalWidth': 928, 'originalHeight': 476, 'isFeatured': True}",Let’s talk about integrating Box,9bfce076b32f,a995c24848a3,2,150,47,1662453768303,1666189155912,0,October 2022,8,2,2,0,False,28,0,,PostStat
4482302d0e1,box-platformのさらなる利用方法,"{'id': '0*w55oY-wZFnpWjLPB.jpeg', 'originalWidth': 640, 'originalHeight': 427, 'isFeatured': True}",Box Platformのさらなる利用方法,5c489a4342f7,a995c24848a3,0,18,8,1665979140460,1665987407265,0,October 2022,4,4,0,0,False,10,0,,PostStat
9264a0efb0a,hooked-on-the-box-platform,"{'id': '1*X5VKQbGG3bszP-A_0qBPGA.jpeg', 'originalWidth': 640, 'originalHeight': 427, 'isFeatured': True}",Hooked on the Box Platform,19badb385e7,a995c24848a3,2,150,58,1664985129320,1665668646656,0,October 2022,3,2,49,0,False,47,0,"{'topicId': 'decb52b64abf', 'slug': 'programming', 'createdAt': 1493934116328, 'deletedAt': 0, 'image': {'id': '1*iPa136b1cGEO7lvoXg6uHQ@2x.jpeg', 'originalWidth': 6016, 'originalHeight': 4016}, 'name': 'Programming', 'description': 'The good, the bad, the buggy.', 'relatedTopics': [], 'visibility': 1, 'relatedTags': [], 'relatedTopicIds': [], 'seoTitle': 'Programming News and Articles\u200a—\u200aMedium', 'type': 'Topic'}",PostStat
6f97a6d3281b,congratulations-to-our-2022-box-hackathon-for-good-winning-teams,"{'id': '0*PNg6aGXtqA4Kzts5.png', 'originalWidth': 1400, 'originalHeight': 953, 'isFeatured': True}",Congratulations to our 2022 Box Hackathon for Good winning teams,246952a91969,a995c24848a3,0,129,56,1664995586405,1665496876298,0,October 2022,3,2,0,0,False,15,0,,PostStat
da2de3ceaa74,box-cliを使用したユーザープロビジョニングの自動化,"{'id': '0*vOw1_5oONk32DHSp.png', 'originalWidth': 770, 'originalHeight': 741, 'isFeatured': True}",Box CLIを使用したユーザープロビジョニングの自動化,5c489a4342f7,a995c24848a3,0,32,25,1665460131598,1665468020922,0,October 2022,2,1,0,0,False,11,0,,PostStat
977959faf0dc,automate-user-provisioning-with-the-box-cli,"{'id': '0*fxgYFYiJ5MA1_Ru2.png', 'originalWidth': 770, 'originalHeight': 741, 'isFeatured': True}",Automate user provisioning with the Box CLI,246952a91969,a995c24848a3,0,105,45,1664893842113,1665160513589,0,October 2022,1,1,0,0,False,15,0,,PostStat
4d121b93dcfe,box-platformの使用,"{'id': '0*AKG5OiZwX_BQbri9.jpeg', 'originalWidth': 640, 'originalHeight': 427, 'isFeatured': True}",Box Platformの使用,5c489a4342f7,a995c24848a3,0,33,7,1664769137759,1664781878012,0,October 2022,6,8,0,0,False,8,0,,PostStat
bec2724a73a4,box-for-salesforce開発の入門ガイド-パート1,"{'id': '0*_c5YvPN2ZKeQmRz9.png', 'originalWidth': 940, 'originalHeight': 485, 'isFeatured': True}",Box for Salesforce開発の入門ガイド: パート1,5c489a4342f7,a995c24848a3,0,129,30,1663825994445,1664781876456,0,October 2022,20,8,0,0,False,19,0,,PostStat
94ced33c2c86,dive-into-the-box-platform,"{'id': '1*-fPuSbaK6ioNUl4CPQH38Q.jpeg', 'originalWidth': 640, 'originalHeight': 427, 'isFeatured': True}",Dive into the Box Platform,19badb385e7,a995c24848a3,1,172,74,1662990680580,1664285924347,0,September 2022,4,13,1,0,False,43,0,,PostStat
824ab538ea13,getting-started-with-box-for-salesforce-development-part-1,"{'id': '1*HIPzh8gL6QE2U1pccGgUyg.png', 'originalWidth': 940, 'originalHeight': 485, 'isFeatured': True}",Getting started with Box for Salesforce development: Part 1,246952a91969,a995c24848a3,4,645,77,1663599833675,1663795014658,0,September 2022,13,4,34,0,False,140,0,,PostStat
597d5d18efd9,last-call-to-sign-up-for-our-hackathon-for-good,"{'id': '1*hm6_5FqZJjddulR6pLlX1A.png', 'originalWidth': 1762, 'originalHeight': 1200, 'isFeatured': True}",LAST CALL to sign up for our Hackathon For Good,7e4cb8ebf639,a995c24848a3,0,43,24,1663082090648,1663087769809,0,September 2022,1,1,0,0,False,8,0,,PostStat
7eea2cde60e0,box-python-sdkとjwtの使用,"{'id': '0*eR8PuUoIWoPvsWbN.png', 'originalWidth': 1080, 'originalHeight': 729, 'isFeatured': True}",Box Python SDKとJWTの使用,5c489a4342f7,a995c24848a3,1,166,42,1662339942179,1662358939879,0,September 2022,7,1,1,0,False,18,0,,PostStat
32722b1e4d67,getting-started-with-box-python-sdk-and-jwt,"{'id': '1*2FZ8PONzxo0OQlBruwM0Ag.png', 'originalWidth': 1511, 'originalHeight': 1020, 'isFeatured': True}",Getting started with Box Python SDK and JWT,19badb385e7,a995c24848a3,1,286,119,1659625272566,1661866215492,0,August 2022,5,3,1,0,False,37,0,,PostStat
3293061a66c5,box-python-sdkとoauth-2-0の使用,"{'id': '0*ihn2DlA2_fUsIt65.png', 'originalWidth': 839, 'originalHeight': 535, 'isFeatured': True}",Box Python SDKとOAuth 2.0の使用,5c489a4342f7,a995c24848a3,0,180,35,1661151905359,1661239493848,0,August 2022,9,0,0,0,False,21,0,,PostStat
77607441170d,getting-started-with-box-python-sdk-and-oauth-2-0,"{'id': '1*vc5wMgtLZSXFAhkDNr5Gaw.png', 'originalWidth': 839, 'originalHeight': 535, 'isFeatured': True}",Getting started with Box Python SDK and OAuth 2.0,19badb385e7,a995c24848a3,2,431,115,1657549329271,1660659977788,0,August 2022,6,0,100,0,False,73,0,,PostStat
ad0cbefc50ee,box-ui-elementsとpythonの使用-パート3,"{'id': '0*sHvuslwuAmOEC32D.png', 'originalWidth': 1350, 'originalHeight': 658, 'isFeatured': True}",Box UI ElementsとPythonの使用 (パート3),5c489a4342f7,a995c24848a3,0,56,11,1659950685769,1659952181496,0,August 2022,7,2,0,0,False,19,0,,PostStat
9dcba671fa9e,using-box-ui-elements-and-python-part-3,"{'id': '1*8S3XkKARBK5YxUG0hYQfgA.png', 'originalWidth': 2929, 'originalHeight': 1431, 'isFeatured': True}",Using Box UI Elements and Python (Part 3),19badb385e7,a995c24848a3,1,167,58,1656447987994,1659431247625,0,August 2022,4,1,1,0,False,79,0,"{'topicId': 'decb52b64abf', 'slug': 'programming', 'createdAt': 1493934116328, 'deletedAt': 0, 'image': {'id': '1*iPa136b1cGEO7lvoXg6uHQ@2x.jpeg', 'originalWidth': 6016, 'originalHeight': 4016}, 'name': 'Programming', 'description': 'The good, the bad, the buggy.', 'relatedTopics': [], 'visibility': 1, 'relatedTags': [], 'relatedTopicIds': [], 'seoTitle': 'Programming News and Articles\u200a—\u200aMedium', 'type': 'Topic'}",PostStat
9b0206ceb512,box-ui-elementsとpythonの使用-パート2,"{'id': '1*e4aczrCvp2x4VBoTry-nVw.png', 'originalWidth': 921, 'originalHeight': 451, 'isFeatured': True}",Box UI ElementsとPythonの使用 (パート2),5c489a4342f7,a995c24848a3,0,64,22,1659055788640,1659074404843,0,July 2022,7,0,0,0,False,19,0,,PostStat
fd5362d37c1d,using-box-ui-elements-and-python-part-2,"{'id': '1*O6BLupiW93iFxy8N0m8LIw.png', 'originalWidth': 12851, 'originalHeight': 6279, 'isFeatured': True}",Using Box UI Elements and Python (Part 2),19badb385e7,a995c24848a3,1,131,44,1656442681971,1658836974240,0,July 2022,4,0,1,0,False,57,0,"{'topicId': 'decb52b64abf', 'slug': 'programming', 'createdAt': 1493934116328, 'deletedAt': 0, 'image': {'id': '1*iPa136b1cGEO7lvoXg6uHQ@2x.jpeg', 'originalWidth': 6016, 'originalHeight': 4016}, 'name': 'Programming', 'description': 'The good, the bad, the buggy.', 'relatedTopics': [], 'visibility': 1, 'relatedTags': [], 'relatedTopicIds': [], 'seoTitle': 'Programming News and Articles\u200a—\u200aMedium', 'type': 'Topic'}",PostStat
7f6c78b86695,box-ui-elementsとpythonの使用-パート1,"{'id': '1*8S3XkKARBK5YxUG0hYQfgA.png', 'originalWidth': 2929, 'originalHeight': 1431, 'isFeatured': True}",Box UI ElementsとPythonの使用 (パート1),5c489a4342f7,a995c24848a3,0,139,40,1658377341949,1658380094843,0,July 2022,8,0,0,0,False,45,0,,PostStat
922f47299fd,using-box-ui-elements-and-python-sdk-part-1,"{'id': '1*8S3XkKARBK5YxUG0hYQfgA.png', 'originalWidth': 2929, 'originalHeight': 1431}",Using Box UI Elements and Python (Part 1),19badb385e7,a995c24848a3,6,712,184,1656335668888,1658240583781,0,July 2022,5,0,49,0,False,497,0,"{'topicId': '63c6f1f93ee', 'slug': 'javascript', 'createdAt': 1493945704961, 'deletedAt': 0, 'image': {'id': '1*5UyyDJ1ESD11yQNd1UVAaQ@2x.jpeg', 'originalWidth': 5472, 'originalHeight': 3648}, 'name': 'Javascript', 'description': 'An ode to code.', 'relatedTopics': [], 'visibility': 1, 'relatedTags': [], 'relatedTopicIds': [], 'seoTitle': 'Javascript News and Articles\u200a—\u200aMedium', 'type': 'Topic'}",PostStat
3352ea1d0fda,reactでのbox-ui-elementsの使用,"{'id': '0*hGfumOtQwdxjnc_c.png', 'originalWidth': 630, 'originalHeight': 315, 'isFeatured': True}",REACTでのBox UI Elementsの使用,5c489a4342f7,a995c24848a3,0,180,39,1657854242441,1658126265330,0,July 2022,6,0,0,0,False,32,0,,PostStat
dfa1dffb4e12,getting-started-with-box-ui-elements-using-react,"{'id': '1*6bl0ZLgJxSrCehCLoYbV2g.png', 'originalWidth': 1400, 'originalHeight': 700, 'isFeatured': True}",Getting started with Box UI Elements using REACT,19badb385e7,a995c24848a3,4,784,256,1655490109046,1657626823766,0,July 2022,5,0,16,0,False,343,0,"{'topicId': '63c6f1f93ee', 'slug': 'javascript', 'createdAt': 1493945704961, 'deletedAt': 0, 'image': {'id': '1*5UyyDJ1ESD11yQNd1UVAaQ@2x.jpeg', 'originalWidth': 5472, 'originalHeight': 3648}, 'name': 'Javascript', 'description': 'An ode to code.', 'relatedTopics': [], 'visibility': 1, 'relatedTags': [], 'relatedTopicIds': [], 'seoTitle': 'Javascript News and Articles\u200a—\u200aMedium', 'type': 'Topic'}",PostStat
93f5f4e2d24b,box-sign-apiの更新,"{'id': '0*BbZYncGYYatJs3GS.png', 'originalWidth': 700, 'originalHeight': 604, 'isFeatured': True}",Box Sign APIの更新,5c489a4342f7,a995c24848a3,0,217,99,1653894200850,1653981496313,0,May 2022,2,2,0,0,False,38,0,,PostStat
6e1b9d5e65ba,box-sign-api-updates,"{'id': '0*f7UkDTYw-Z-FtEUf.png', 'originalWidth': 1400, 'originalHeight': 1208, 'isFeatured': True}",Box Sign API Updates,246952a91969,a995c24848a3,0,170,120,1652194156036,1653676034192,0,May 2022,2,1,0,0,False,64,0,,PostStat
778804b4327b,新しいユーザーアバターapi,"{'id': '0*7E3St4L0GUVlL90R.png', 'originalWidth': 1400, 'originalHeight': 462, 'isFeatured': True}",新しいユーザーアバターAPI,5c489a4342f7,a995c24848a3,1,72,48,1653535666743,1653583682982,0,May 2022,2,1,1,0,False,16,0,,PostStat
bfd47ea7367d,new-user-avatar-apis,"{'id': '1*XPpP5ho6rXAZVMsJJtyZqA.png', 'originalWidth': 2610, 'originalHeight': 862, 'isFeatured': True}",New User Avatar APIs,a2fa124ab01d,a995c24848a3,0,111,90,1653322402557,1653405505105,0,May 2022,1,2,0,0,False,33,0,,PostStat
3b117de84667,新しい編集可能な共有リンクapi,"{'id': '0*9FJTG86omH5bIZw3.png', 'originalWidth': 1344, 'originalHeight': 1211, 'isFeatured': True}",新しい編集可能な共有リンクAPI,5c489a4342f7,a995c24848a3,0,79,56,1652316715245,1652365163392,0,May 2022,1,1,0,0,False,20,0,,PostStat
53db96a5a0e0,oauth-2-0カスタムアプリケーションの有効化,"{'id': '0*FOCMAZzUorwW4aoI.png', 'originalWidth': 1400, 'originalHeight': 483, 'isFeatured': True}",OAuth 2.0カスタムアプリケーションの有効化,6ff2f502d4cd,a995c24848a3,0,93,62,1652228231485,1652277443049,0,May 2022,2,2,0,0,False,40,0,,PostStat
19e73d689efb,new-editable-shared-links-api,"{'id': '1*NNt_rxOYY6JswJ7eRVCxSw.png', 'originalWidth': 1344, 'originalHeight': 1211, 'isFeatured': True}",New Editable Shared Links API,246952a91969,a995c24848a3,0,117,86,1649440109555,1651846050300,0,May 2022,1,1,0,0,False,25,0,,PostStat
fd17b7a30ea3,oauth-2-0-custom-application-enablement,"{'id': '1*OSlfRFVIB_AnD7wBLbBfZA.png', 'originalWidth': 1858, 'originalHeight': 642, 'isFeatured': True}",OAuth 2.0 Custom Application Enablement,a2fa124ab01d,a995c24848a3,0,248,178,1650957593962,1651163410696,0,April 2022,2,0,0,0,False,109,0,,PostStat
1ea8934d48e6,新しいbox-app-center-旧アプリギャラリー-のリリース,"{'id': '0*6ccVCCcav3Lzbozd.png', 'originalWidth': 1400, 'originalHeight': 709, 'isFeatured': True}",新しいBox App Center (旧アプリギャラリー) のリリース,6ff2f502d4cd,a995c24848a3,0,206,137,1650257071120,1650564701736,0,April 2022,2,0,0,0,False,53,0,,PostStat
2f12edf92a5c,new-box-app-center-formally-app-gallery-launch,"{'id': '1*6kmDI7GDxkZb5ZY0Net9xQ.png', 'originalWidth': 2560, 'originalHeight': 1298, 'isFeatured': True}",New Box App Center (formally App Gallery) Launch,246952a91969,a995c24848a3,0,366,202,1649775879828,1649777083341,0,April 2022,1,1,0,0,False,64,0,,PostStat
e3d84a866e45,box-cliが約5分で利用可能に,"{'id': '0*xeAYPvyun7vbFwK6.png', 'originalWidth': 935, 'originalHeight': 900, 'isFeatured': True}",Box CLIが約5分で利用可能に,9579e97fed55,a995c24848a3,0,655,478,1644798876966,1645194753670,0,February 2022,2,1,0,0,False,78,0,,PostStat
3fe2f70f879a,get-started-with-the-box-cli-in-less-than-five-minutes,"{'id': '1*KJ-miRLb-rRRWqDz4m6-yg.png', 'originalWidth': 935, 'originalHeight': 900, 'isFeatured': True}",Get started with the Box CLI in less than five minutes!,246952a91969,a995c24848a3,1,747,494,1642173564847,1643846577676,0,February 2022,2,2,1,0,False,108,0,,PostStat
1f358f27cf14,カスタムアプリマネージャの更新,"{'id': '0*ofX6uxGIY4MOoFxF.png', 'originalWidth': 1400, 'originalHeight': 467, 'isFeatured': True}",カスタムアプリマネージャの更新,9579e97fed55,a995c24848a3,1,253,57,1642380365096,1642775505755,0,January 2022,8,2,43,0,False,36,0,,PostStat
c79ccf8ebe97,custom-apps-manager-updates,"{'id': '1*zVoPN7iFA0f8zzF6Z2HOGA.png', 'originalWidth': 3584, 'originalHeight': 1196, 'isFeatured': True}",Custom Apps Manager Updates,246952a91969,a995c24848a3,2,501,158,1639752499036,1641505730587,0,January 2022,6,2,2,0,False,70,0,,PostStat
910fc5cac7b1,oauth-2-0リダイレクトuriの変更,"{'id': '0*GfxnPPIYyg9MrI-4.png', 'originalWidth': 1087, 'originalHeight': 398, 'isFeatured': True, 'alt': '新しくなったリダイレクトURIの設定'}",OAuth 2.0リダイレクトURIの変更,9579e97fed55,a995c24848a3,0,785,597,1638759715466,1638808215624,0,December 2021,2,1,0,0,False,83,0,,PostStat
f58194c699da,oauth-2-0-redirect-uri-changes,"{'id': '1*jiOHq9y56ohwYtT7CyOu2A.png', 'originalWidth': 1087, 'originalHeight': 398, 'isFeatured': True}",OAuth 2.0 Redirect URI Changes,246952a91969,a995c24848a3,1,899,686,1638222085774,1638302404551,0,November 2021,1,1,2,0,False,123,0,,PostStat
64f9136f1682,手動開始ワークフローapiとbox-relay,"{'id': '1*KcbkpO4NnAvu4Pr8tI7VIg.png', 'originalWidth': 1050, 'originalHeight': 626, 'isFeatured': True}",手動開始ワークフローAPIとBox Relay,7e4cb8ebf639,a995c24848a3,1,997,379,1631024082663,1631024472599,0,September 2021,6,1,1,0,False,125,0,,PostStat
4f8d0f51b7a4,manual-start-workflow-api-box-relay,"{'id': '1*WCw83LNjQxin4nnqQyH8pA.png', 'originalWidth': 3110, 'originalHeight': 1852, 'isFeatured': True}",Manual Start Workflow API + Box Relay,246952a91969,a995c24848a3,2,1201,590,1626874926816,1627487713018,0,July 2021,3,2,2,0,False,128,0,,PostStat
27bf414c2544,introducing-box-sign-apis,"{'id': '1*bHe8En0ExesGYNhfpAus-Q.png', 'originalWidth': 1400, 'originalHeight': 1208, 'isFeatured': True}",Introducing Box Sign APIs,af1b3b38678e,a995c24848a3,5,1273,691,1626971934964,1627311681141,0,July 2021,3,3,14,0,False,168,0,,PostStat
bd917e2c1e30,box-apiレスポンスヘッダーの変更,"{'id': '1*9DeyB86s1Lhv7o6HwbUOnQ.png', 'originalWidth': 604, 'originalHeight': 288, 'isFeatured': True}",Box APIレスポンスヘッダーの変更,7e4cb8ebf639,a995c24848a3,2,1247,400,1618246133396,1618526743997,0,April 2021,5,2,2,0,False,159,0,,PostStat
432d38e87b1f,new-box-cli-quick-start-guide,"{'id': '1*u2yog1UUAH2pKMMZhj-0DQ.png', 'originalWidth': 468, 'originalHeight': 450, 'isFeatured': True}",New Box CLI Quick Start Guide,af1b3b38678e,a995c24848a3,3,1123,897,1617814279624,1617816481026,0,2021,1,2,7,0,False,166,0,,PostStat
b95725d8aaf0,box-api-セキュリティについて,"{'id': '0*YxGBk4YMLWFZ2cT3.png', 'originalWidth': 1534, 'originalHeight': 1024, 'isFeatured': True}",Box API: セキュリティについて,7e4cb8ebf639,a995c24848a3,2,2411,895,1615832885215,1616548651868,0,2021,10,4,2,0,False,129,0,,PostStat
9ded989b04f0,box-api-response-header-changes,"{'id': '1*nVv_QIt7r3YWR93EcO6cqA.png', 'originalWidth': 989, 'originalHeight': 502}",Box API Response Header Changes,7d391ec318be,a995c24848a3,2,1148,549,1615568961407,1615584732211,0,2021,4,4,4,0,False,155,0,"{'topicId': '63c6f1f93ee', 'slug': 'javascript', 'createdAt': 1493945704961, 'deletedAt': 0, 'image': {'id': '1*5UyyDJ1ESD11yQNd1UVAaQ@2x.jpeg', 'originalWidth': 5472, 'originalHeight': 3648}, 'name': 'Javascript', 'description': 'An ode to code.', 'relatedTopics': [], 'visibility': 1, 'relatedTags': [], 'relatedTopicIds': [], 'seoTitle': 'Javascript News and Articles\u200a—\u200aMedium', 'type': 'Topic'}",PostStat
c15016508682,クライアント資格情報許可,"{'id': '1*ZPRNz9g2ND4fuau5lJQOvw.png', 'originalWidth': 2400, 'originalHeight': 1605}",クライアント資格情報許可,7e4cb8ebf639,a995c24848a3,0,486,333,1608145136545,1614133962529,0,2021,3,8,0,0,False,98,0,,PostStat
976c8f02ab74,新しいファイルリクエストapi,"{'id': '1*5f_IQ_6hWWSuwSHcfM6kxg.png', 'originalWidth': 700, 'originalHeight': 466, 'isFeatured': True}",新しいファイルリクエストAPI,7e4cb8ebf639,a995c24848a3,0,574,335,1608141957284,1613694365487,0,2021,4,4,0,0,False,110,0,,PostStat
9fcad7b1d72e,box-api-understanding-security,"{'id': '1*_92kfn_m8v68l1ge1j1_pg.png', 'originalWidth': 1534, 'originalHeight': 1024, 'isFeatured': True}",Box API: Understanding Security,af1b3b38678e,a995c24848a3,6,2652,1194,1612663256732,1613498173122,0,2021,6,2,55,0,False,192,0,,PostStat
9e4a9fd37dbf,新しいフォルダロックapi,"{'id': '1*5UXikeccT_OpEmkKrTyThg.png', 'originalWidth': 700, 'originalHeight': 393, 'isFeatured': True}",新しいフォルダロックAPI,7e4cb8ebf639,a995c24848a3,0,1263,692,1608060471069,1611627501291,0,2021,3,6,0,0,False,78,0,,PostStat
ea5ead28aea9,シンプルになったアプリ作成フロー,"{'id': '1*cOM6FUqAwbYfvDVx5h31jA.png', 'originalWidth': 2400, 'originalHeight': 1319, 'isFeatured': True}",シンプルになったアプリ作成フロー,7e4cb8ebf639,a995c24848a3,1,692,504,1608059767850,1608250336084,0,2020,2,6,1,0,False,152,0,,PostStat
f533856f55be,client-credentials-grant,"{'id': '1*uEW0loK7BF9rs-cATJ5sUw.png', 'originalWidth': 5163, 'originalHeight': 3454, 'isFeatured': True}",Client Credentials Grant,af1b3b38678e,a995c24848a3,4,1824,1389,1605306698638,1605805386342,0,2020,2,4,12,0,False,200,0,,PostStat
c1fcf8a4c5ec,simplified-app-creation-flow,"{'id': '1*n1iZ5TX81Rd5ADb8rzsVyw.png', 'originalWidth': 6254, 'originalHeight': 3438, 'isFeatured': True}",Simplified App Creation Flow,af1b3b38678e,a995c24848a3,1,852,638,1604593101838,1604939879367,0,2020,1,4,20,0,False,204,0,,PostStat
fb79161a1089,new-folder-lock-apis,"{'id': '1*b7xqNnobtXvFnhHoo6GCVQ.png', 'originalWidth': 700, 'originalHeight': 393, 'isFeatured': True}",New Folder Lock APIs,7d391ec318be,a995c24848a3,3,1280,746,1603145557707,1603394253854,0,2020,2,4,53,0,False,133,0,,PostStat
3e57eb56ec18,zip-download-support-now-available-in-all-sdks-cli,"{'id': '1*nCwjG9N0CkYXOkznDB7kSw.png', 'originalWidth': 700, 'originalHeight': 414, 'isFeatured': True}",Zip Download support now available in all SDKs & CLI,254dec687066,a995c24848a3,4,989,445,1598372612876,1603208006976,0,2020,2,4,4,0,False,97,0,,PostStat
2b805e227258,new-file-request-apis-available,"{'id': '1*hEKxpv8yjZw0cVEf3gg7jg.png', 'originalWidth': 800, 'originalHeight': 533, 'isFeatured': True}",New File Request APIs available,254dec687066,a995c24848a3,0,1435,779,1599565099267,1601650862443,0,2020,3,6,0,0,False,168,0,,PostStat
3eff8f635398,box-platformの更新情報を受け取る6つの方法,"{'id': '1*-cLh-OMKZz5VONwfTczA_g.png', 'originalWidth': 1122, 'originalHeight': 620, 'isFeatured': True}",Box Platformの更新情報を受け取る6つの方法,254dec687066,a995c24848a3,0,439,109,1599560466455,1601625217802,0,2020,7,4,0,0,False,69,0,,PostStat
bfbf57d4c311,新しくなった-変更ログ-のお知らせ,"{'id': '1*FwAyqVZ2N_hQeaML89gVew.png', 'originalWidth': 959, 'originalHeight': 487, 'isFeatured': True}",新しくなった「変更ログ」のお知らせ,254dec687066,a995c24848a3,2,176,94,1599560783230,1599638467719,0,2020,2,6,7,0,False,59,0,,PostStat
eb4b18d5344d,6-ways-to-subscribe-to-box-platform-updates,"{'id': '1*GjyhzEV04el71uBQJcItJQ.png', 'originalWidth': 582, 'originalHeight': 451, 'isFeatured': True}",6 ways to  subscribe to Box Platform updates,254dec687066,a995c24848a3,1,455,110,1598282784500,1598376132966,0,2020,5,9,1,0,False,75,0,,PostStat
b67e930cf614,box-cli-adds-proxy-support,"{'id': '1*zEKjFil2cbi6pwBCapV8ww.png', 'originalWidth': 800, 'originalHeight': 500, 'isFeatured': True}",Box CLI adds proxy support,254dec687066,a995c24848a3,0,1129,700,1598270894952,1598292060858,0,2020,1,5,0,0,False,67,0,,PostStat
efb11d39cd9e,new-slack-box-quick-start-guide,"{'id': '1*h9fR1s5BrIJeT48r_JFlPA.png', 'originalWidth': 700, 'originalHeight': 393, 'isFeatured': True}",New Slack+Box quick-start guide,7d391ec318be,a995c24848a3,0,599,304,1596142391544,1596732361110,0,2020,2,3,0,0,False,90,0,,PostStat
c23519d5d092,integrating-box-metadata-querying-inside-ui-elements-with-react,"{'id': '1*ka4chAVniXt3OBG1c6BbMA.png', 'originalWidth': 786, 'originalHeight': 388, 'isFeatured': True}",Integrating Box metadata querying inside UI Elements with React,7d391ec318be,a995c24848a3,5,1273,809,1596144617246,1596471661156,0,2020,3,5,54,0,False,184,0,,PostStat
5a3e3d548ba0,announcing-the-new-box-platform-changelog,"{'id': '0*EdX4sYwK-TZofh0G', 'originalWidth': 799, 'originalHeight': 390, 'isFeatured': True}",Announcing the new Box Platform changelog,254dec687066,a995c24848a3,1,202,123,1595521246746,1595951999383,0,2020,2,4,1,0,False,79,0,,PostStat
a625b5e514b8,new-zip-download-apis,"{'id': '1*dnfFMtqYYlr31msZUABZRg.png', 'originalWidth': 800, 'originalHeight': 474, 'isFeatured': True}",New Zip Download APIs,254dec687066,a995c24848a3,2,856,566,1595520597438,1595597717844,0,2020,2,9,15,0,False,123,0,,PostStat
8c0f7e22fbcf,new-sso-and-metadata-documentation,"{'id': '1*GnWGZQFb8Bkm3bGIpOEjDw.png', 'originalWidth': 1400, 'originalHeight': 787, 'isFeatured': True}",New SSO  and metadata documentation,7d391ec318be,a995c24848a3,6,754,544,1588198328947,1588781161216,0,2020,2,10,56,0,False,184,0,,PostStat
a2f9be59f7d7,upcoming-developer-track-at-box-virtual-summit,"{'id': '1*cdDy7icd6kol394sk5OdTQ.png', 'originalWidth': 1024, 'originalHeight': 512, 'isFeatured': True}",Upcoming: Developer Track at Box Virtual Summit,254dec687066,a995c24848a3,1,338,232,1584640149866,1584720061365,0,2020,2,3,6,0,False,71,0,,PostStat
1888ec79bac8,new-metadata-tasks-and-mobile-guides,"{'id': '1*pNzVkWhWNkr4aRwjZ-4lFw.png', 'originalWidth': 1920, 'originalHeight': 1080, 'isFeatured': True}","New metadata, tasks, and mobile guides",254dec687066,a995c24848a3,2,626,444,1583159519239,1583439332436,0,2020,2,6,11,0,False,134,0,,PostStat
f981295a2923,日本語版-box-developerサイト-アップデートのお知らせ,"{'id': '1*iiI5s4fI9jYHcWOm4nuB_g.png', 'originalWidth': 1136, 'originalHeight': 912, 'isFeatured': True}",日本語版「Box Developerサイト」アップデートのお知らせ,254dec687066,a995c24848a3,0,938,616,1582628771255,1582634787879,0,2020,2,9,0,0,False,149,0,,PostStat
af443034459e,announcing-the-new-japanese-developer-documentation,"{'id': '1*gogUTcogjO5iR0xK_xFpSA.png', 'originalWidth': 1136, 'originalHeight': 912, 'isFeatured': True}",Announcing the new Japanese developer documentation,254dec687066,a995c24848a3,1,225,133,1582054579963,1582134425231,0,2020,2,8,1,0,False,70,0,,PostStat
c0313c3671f8,upcoming-webinar-developing-secure-applications-that-scale,"{'id': '1*UbC4bwvl85pSaBCwaXguvQ.jpeg', 'originalWidth': 960, 'originalHeight': 540, 'isFeatured': True}",Upcoming Webinar: Developing secure applications that scale,7d391ec318be,a995c24848a3,2,339,215,1578354237613,1578354609238,0,2020,1,11,13,0,False,113,0,,PostStat
f40550df589,enterprise-automation-with-box-salesforce-and-docusign-apis,"{'id': '1*RLzREdWV8Vna1PNZ7x2xqw.png', 'originalWidth': 653, 'originalHeight': 543, 'isFeatured': True}","Enterprise Automation with Box, Salesforce and DocuSign APIs",d172f8ddecf8,a995c24848a3,3,1100,399,1575289431043,1575391329562,0,2019,6,10,59,0,False,233,0,,PostStat
88ee900125fd,announcing-workflow-enhancements-with-the-new-box-ui-elements-11,"{'id': '1*yTJ2SyVnWwIpiXA-CrXbdQ.png', 'originalWidth': 1396, 'originalHeight': 717, 'isFeatured': True}",Announcing Workflow Enhancements with the New Box UI Elements 11,7d391ec318be,a995c24848a3,3,681,399,1574377585709,1574702562716,0,2019,2,10,5,0,False,199,0,,PostStat
baf624b289b4,the-new-box-ios-sdk-now-available,"{'id': '1*4iArOqCRCaMRLN74ffNuqQ.png', 'originalWidth': 2296, 'originalHeight': 774, 'isFeatured': True}","The New Box iOS SDK, Now Available",7d391ec318be,a995c24848a3,2,759,559,1572383473550,1574183039547,0,2019,2,9,7,0,False,103,0,,PostStat
b7df95d598a7,building-better-on-box-relaunching-the-dev-documentation,"{'id': '1*BpjzHMwNHQqw8i37E2rr6g.png', 'originalWidth': 1437, 'originalHeight': 876, 'alt': 'The new Box Developer Documentation'}",Building Better on Box: Relaunching the Dev Documentation,254dec687066,a995c24848a3,5,695,431,1572267492636,1572276682938,0,2019,2,16,39,0,False,228,0,,PostStat
79b9960a7ce2,new-security-enhancements-for-revoking-access-tokens,"{'id': '1*3KFP2YrWCfvAmGcW8M0lCQ.png', 'originalWidth': 1342, 'originalHeight': 694}",New Security Enhancements for Revoking Access Tokens,7d391ec318be,a995c24848a3,3,416,242,1567183661329,1568833311519,0,2019,2,31,7,0,False,130,0,,PostStat
fe7874624430,upcoming-webinar-building-mobile-first-experiences-on-box-platform,"{'id': '1*CeyJ8zavMaSihlpSZ0uZyA.png', 'originalWidth': 1500, 'originalHeight': 470, 'isFeatured': True}",Upcoming Webinar: Building Mobile-First Experiences on Box Platform,7d391ec318be,a995c24848a3,0,175,115,1568044594837,1568047705588,0,2019,1,12,0,0,False,69,0,,PostStat
1c74066e1c53,working-towards-better-sandboxes-for-box-developers,"{'id': '1*9nmsioSFXRPs3seABzh5CA.png', 'originalWidth': 2786, 'originalHeight': 1352, 'isFeatured': True, 'alt': 'Box console showing the root folder and a badge in the bottom left corner that says test sandbox beta'}",Working towards better sandboxes for Box developers,de72526d8c6f,a995c24848a3,2,294,230,1563391753104,1563556562424,0,2019,1,11,3,0,False,171,0,,PostStat
f7e5b24d24b1,upcoming-webinar-intro-to-box-apis-july-18-2019-11am-pt,"{'id': '1*AADv0NQqlruY6787Foxq_A.png', 'originalWidth': 1500, 'originalHeight': 470, 'isFeatured': True}","Upcoming Webinar: Intro to Box APIs (July 18, 2019 @ 11am PT)",7d391ec318be,a995c24848a3,2,203,134,1562971959868,1563207942249,0,2019,1,15,34,0,False,153,0,,PostStat
ecb37ce9c565,join-our-beta-for-the-new-box-ios-sdk,"{'id': '1*SAqsJPjUeajwm3uUfCCfNg.png', 'originalWidth': 1024, 'originalHeight': 742, 'isFeatured': True}",Join our Beta for the new Box iOS SDK,7d391ec318be,a995c24848a3,0,337,247,1559083240880,1559236743438,0,2019,1,13,0,0,False,94,0,,PostStat
2824b64d7796,box-platform-collision-toronto-next-week,"{'id': '1*629Gvk9e8nFkjpts8ar40w.png', 'originalWidth': 800, 'originalHeight': 268, 'isFeatured': True}",Box Platform @ Collision Toronto Next Week,7d391ec318be,a995c24848a3,0,49,32,1558038755325,1558121546153,0,2019,2,11,0,0,False,25,0,,PostStat
c420ae57b058,diligen-and-box-skills-ai-powered-contract-review,"{'id': '1*swEa4PxLrngVIuR5oyq1yg.png', 'originalWidth': 975, 'originalHeight': 479, 'isFeatured': True}",Diligen and Box Skills: AI-Powered Contract Review,7e4cb8ebf639,a995c24848a3,4,1392,790,1556309467850,1557244873419,0,2019,3,7,9,0,False,115,2,,PostStat
9dd7c64e4066,announcing-the-new-box-developer-api-docs,"{'id': '1*jtUuPDYreqEDyYlPTHoiXg.png', 'originalWidth': 2824, 'originalHeight': 1238, 'isFeatured': True}",Announcing the New Box Developer API Docs,7e4cb8ebf639,a995c24848a3,4,1582,964,1556743488793,1556813160966,0,2019,2,15,5,0,False,250,13,,PostStat
be01655db851,optimizing-your-workflow-with-box-skills-and-google-cloud-ai,"{'id': '1*0wuKU82uHtN0X_odI6oc0Q.png', 'isFeatured': True}",Optimizing your workflow with Box Skills and Google  Cloud AI,7e4cb8ebf639,a995c24848a3,3,287,203,1554930130622,1555430461100,0,2019,1,12,3,0,False,125,1,,PostStat
f8d2adaff7f5,processing-and-extracting-form-data-with-box-skills-google-document-understanding-ai,"{'id': '1*RbnTQ-tKSM9NjRqYqNcqmw.png', 'originalWidth': 1367, 'originalHeight': 746, 'isFeatured': True}",Processing and Extracting Form Data with Box Skills & Google Document Understanding AI,7e4cb8ebf639,a995c24848a3,15,5844,3377,1554837975382,1554912739316,0,2019,5,16,48,0,False,480,6,,PostStat
c74dfb49fdeb,unlocking-document-intelligence-in-capital-markets-with-box-skills-and-alkymi,"{'id': '1*hJLi2eEqiMn1pIHILYONyQ.png', 'originalWidth': 800, 'originalHeight': 342, 'isFeatured': True}",Unlocking Document Intelligence In Capital Markets with Box Skills and Alkymi,7e4cb8ebf639,a995c24848a3,7,419,241,1554153588897,1554309567896,0,2019,3,10,53,0,False,160,10,,PostStat
8fb5f2ab3d70,intelease-and-box-skills-enhancing-lease-documents-with-ai,"{'id': '0*IjX0yWAT34j4Ni2q.png', 'originalWidth': 800, 'originalHeight': 410, 'isFeatured': True}",InteLease and Box Skills: Enhancing Lease Documents with AI,7e4cb8ebf639,a995c24848a3,2,304,161,1552412875848,1553280965774,0,2019,4,9,3,0,False,83,5,,PostStat
4a532289747a,1-000-skills-and-counting,"{'id': '1*gx5p6Q8VCGt3We93MdGHaQ.png', 'originalWidth': 1000, 'originalHeight': 400, 'isFeatured': True}","1,000 Skills and counting!",7e4cb8ebf639,a995c24848a3,6,410,242,1550686956189,1551811851276,0,2019,3,10,7,0,False,144,1,,PostStat
935936a0628f,new-sidebar-element-the-ga-of-open-with,"{'id': '1*dd2YfUFtbt9z6Lrv6hNF_g.gif', 'isFeatured': True}",New Sidebar Element & the GA of Open With,7d391ec318be,a995c24848a3,0,481,307,1547563500672,1547844447566,0,2019,2,6,0,0,False,103,1,,PostStat
235a0f19c0f3,major-revisions-to-the-box-cli-now-available-in-v2-release,"{'id': '1*ZBf7pUm-k3DgF0JUf2Hgjw.gif', 'originalWidth': 1356, 'originalHeight': 582, 'isFeatured': True}",Major Revisions to the Box CLI Now Available in v2 Release.,7d391ec318be,a995c24848a3,2,338,210,1545326687518,1545422566580,0,2018,2,3,4,0,False,127,0,,PostStat
26116907dee3,box-skills-clarifai-a-simple-image-categorization-use-case,"{'id': '1*qIQr-CsMqKai59EeXHfB2w.png', 'originalWidth': 1079, 'originalHeight': 395}",Box Skills + Clarifai: A Simple Image Categorization Use Case,7d391ec318be,a995c24848a3,2,504,261,1544557122395,1545156061131,0,2018,5,4,13,0,False,199,2,,PostStat
9318d0876029,box-skills-kit-is-ga,"{'id': '1*jks4HJtwtGk7jmO-aJEO_g.png', 'originalWidth': 1200, 'originalHeight': 627}",Box Skills Kit is GA!,7e4cb8ebf639,a995c24848a3,6,777,277,1544136884331,1545152460970,0,2018,6,6,13,0,False,131,0,,PostStat
f96462298ff3,box-python-sdk-v2-released,"{'id': '1*VtBWC4eH-LvmnP80Kzz6OQ.png', 'originalWidth': 2000, 'originalHeight': 342, 'isFeatured': True}",Box Python SDK v2 Released,7d391ec318be,a995c24848a3,4,1047,676,1542396380538,1542665245270,0,2018,2,4,9,0,False,167,1,,PostStat
db53902ad665,six-ai-ml-services-you-can-use-with-the-box-skills-kit,"{'id': '1*0wuKU82uHtN0X_odI6oc0Q.png', 'originalWidth': 5000, 'originalHeight': 2000, 'isFeatured': True}",Six AI/ML services you can use with the Box Skills Kit,7e4cb8ebf639,a995c24848a3,5,913,511,1539050437004,1539352862405,0,2018,5,3,8,0,False,148,0,,PostStat
c1b79944f2d6,box-open-with-ui-element-available-now-in-beta-featuring-g-suite-and-adobe-sign,"{'id': '1*dd2YfUFtbt9z6Lrv6hNF_g.gif', 'originalWidth': 978, 'originalHeight': 390, 'isFeatured': True}","Box Open With UI Element available now in beta, featuring G Suite and Adobe Sign",7d391ec318be,a995c24848a3,4,1036,395,1537473514695,1538154521847,0,2018,5,2,55,0,False,126,0,,PostStat
5be23f623643,codelitt-and-box-transform-unstructured-documents-into-actionable-data,"{'id': '1*n3_68ganaDC6O-FqWp6aWA.png', 'originalWidth': 2000, 'originalHeight': 600, 'isFeatured': True}",Codelitt and Box transform unstructured documents into actionable data,7e4cb8ebf639,a995c24848a3,12,959,563,1536081452627,1536082634526,0,2018,3,2,70,0,False,183,2,,PostStat
901d655ec7bd,the-box-skills-kit-will-be-general-available-in-december-2018,"{'id': '1*hJFrYOd6AVGdshp9QxUS7g.png', 'originalWidth': 2500, 'originalHeight': 1000}",The Box Skills Kit will be Generally Available in December 2018,7e4cb8ebf639,a995c24848a3,5,555,342,1535334914003,1535563261364,0,2018,3,1,9,0,False,178,1,,PostStat
16becafb650a,apply-custom-trained-ai-models-to-box-with-the-box-skills-kit,"{'id': '1*np0yfO9Qg7HQaMOnmjYxlQ.gif', 'originalWidth': 1500, 'originalHeight': 843}",Apply custom-trained AI models to Box with the Box Skills Kit,7e4cb8ebf639,a995c24848a3,1,702,417,1535514678278,1535563261157,0,2018,3,1,1,0,False,141,0,,PostStat
54fbca80b473,dont-miss-out-check-out-lightning-talks-at-boxworks-2018,"{'id': '1*zXBtGC8P-har9TNGpyp3Eg.jpeg', 'originalWidth': 3600, 'originalHeight': 1238}",Don’t miss out! Check out lightning talks at BoxWorks 2018,7e4cb8ebf639,a995c24848a3,5,213,167,1535332048642,1535389444540,0,2018,2,0,10,0,False,33,0,,PostStat
cf7434f915fe,box-cli-v1-4-0-released-with-collaboration-updates,"{'id': '1*2-ovw8BQF1S7f9sje_CNSQ.gif', 'originalWidth': 1600, 'originalHeight': 1143}","Box CLI v1.4.0 Released, with Collaboration Updates.",7d391ec318be,a995c24848a3,0,291,220,1532724119763,1532972230848,0,2018,1,0,0,0,False,60,0,,PostStat
8ae5c4219db0,join-the-free-developer-training-at-boxworks,"{'id': '1*3CCijaKgTZyhBtzYLalVHA.jpeg', 'originalWidth': 1280, 'originalHeight': 720}",Apply to join the free Box Developer Training at BoxWorks 2018,7d391ec318be,a995c24848a3,2,160,97,1530115829473,1531328186879,0,2018,1,0,2,0,False,28,0,,PostStat
35bf00aa8dee,box-hack-midwest,"{'id': '1*EwMIp9JO6S00mkuH8XO3UA.png', 'originalWidth': 1078, 'originalHeight': 503}",Box @ Hack Midwest,7d391ec318be,a995c24848a3,1,37,21,1530112542629,1531328048372,0,2018,2,0,3,0,False,6,0,,PostStat
f6b2fcebce98,box-cli-v1-3-0-released,"{'id': '1*nqZxghQ0smlIFMDDsqnHSQ.gif', 'originalWidth': 1600, 'originalHeight': 1143}",Box CLI v1.3.0 Released,7d391ec318be,a995c24848a3,1,131,94,1529963982428,1530024919984,0,2018,1,1,4,0,False,8,0,,PostStat
45742f59e228,using-serverless-securely-and-at-scale-with-intrinsic,"{'id': '1*pGL3d0VrQr2-t7avoizEWg.png', 'originalWidth': 1400, 'originalHeight': 600, 'isFeatured': True}",Using serverless securely and at scale with Intrinsic,7e4cb8ebf639,a995c24848a3,12,1022,581,1528836100082,1528836934238,0,2018,3,0,30,0,False,72,1,,PostStat
e9b260d6698b,four-ways-developers-can-use-azure-video-indexer-with-box-skills,"{'id': '1*jKV1lFpFOLE5gyBcBZ4C_g.png', 'originalWidth': 1920, 'originalHeight': 751, 'backgroundSize': '', 'filter': '', 'isFeatured': True, 'externalSrc': '', 'focusPercentX': -1, 'focusPercentY': -1, 'alt': '', 'repairedAt': 0}",Four ways developers can use Video Indexer with Box Skills,5fa6c77a6fb2,a995c24848a3,7,1264,678,1526050260122,1526067048274,0,2018,5,0,10,0,False,62,0,,PostStat
eebdc3696048,introducing-metadata-driven-retention-policies,"{'id': '1*pe6nRN9WmXajZ_MHz4tNAw@2x.png', 'originalWidth': 3674, 'originalHeight': 2782}",Introducing Metadata-Driven Retention,7e4cb8ebf639,a995c24848a3,2,1249,678,1523034069249,1523462461472,0,2018,4,0,6,0,False,43,0,,PostStat
9f7c93f7089c,announcing-a-major-update-to-the-box-developer-site,"{'id': '1*7tKKMQuGGFKTR54I5JsP1w.png', 'originalWidth': 1905, 'originalHeight': 1080, 'isFeatured': True}",Announcing a major update to the Box Developer site,7d391ec318be,a995c24848a3,5,465,240,1518812575985,1523380729571,0,2018,3,0,13,0,False,34,0,,PostStat
1416d0cd2dbe,enabling-field-maintenance-workers-with-box-and-zia-consulting,"{'id': '1*qrgQt5awhjzPxwvs470IZA.png', 'originalWidth': 3640, 'originalHeight': 2904, 'isFeatured': True}",Enabling Field Maintenance Workers with Box and Zia Consulting,7e4cb8ebf639,a995c24848a3,7,401,184,1522165898890,1522166290734,0,2018,5,7,8,0,False,47,0,,PostStat
d15adfff0dbc,3-things-you-may-have-missed-in-the-new-box-view,"{'id': '1*8H1h1dJ-88X_473Gn8C9FA.gif', 'originalWidth': 600, 'originalHeight': 375, 'isFeatured': True}",3 things you may have missed in the New Box View,7e4cb8ebf639,a995c24848a3,3,533,359,1517334465678,1518564545010,0,2018,3,14,7,0,False,15,0,,PostStat
137c443cd39e,usdm-life-sciences-and-box-assure-compliance-in-the-cloud-for-regulated-content,"{'id': '1*6YzLKCZj684KcWV3UwNIow.jpeg', 'originalWidth': 2000, 'originalHeight': 600, 'isFeatured': True}",USDM Life Sciences and Box Assure Compliance in the Cloud for Regulated Content,600d0846862c,a995c24848a3,2,477,197,1516215976525,1516294861861,0,2018,3,1,7,0,False,29,3,,PostStat
b26b9f612a41,new-capabilities-for-annotations-and-availability-on-github,"{'id': '1*V293BocubUjYQ_uVaAsGHw.gif', 'originalWidth': 313, 'originalHeight': 557}",New Capabilities for Annotations and Availability on Github,7e4cb8ebf639,a995c24848a3,7,712,454,1511978996044,1512415370720,0,2017,3,17,21,0,False,20,0,,PostStat
2a7af22f8ad,heizenrader-and-box-transform-medtech-collateral-distribution,"{'id': '1*w4zPOYDXgM8gNJl6uPHrWQ.jpeg', 'originalWidth': 2000, 'originalHeight': 600}",Heizenrader and Box Transform Medtech Collateral Distribution,600d0846862c,a995c24848a3,3,219,119,1506228414284,1508180215616,0,2017,3,1,52,0,False,20,2,,PostStat
3024a108839f,crooze-integration-with-box-provides-a-turn-key-solution-for-contract-management,"{'id': '1*9khDpFsGY4hy6iDL0k8SWA.jpeg', 'originalWidth': 2000, 'originalHeight': 600}",Crooze Integration with Box Provides a Turn-Key Solution for Contract Management,600d0846862c,a995c24848a3,2,741,419,1505834608567,1508180195892,0,2017,3,4,2,0,False,44,4,,PostStat
23b0f703235a,crooze-for-box-streamlines-digital-asset-management,"{'id': '1*7hOiX8-U6tVfFqYmf444VQ.jpeg', 'originalWidth': 2000, 'originalHeight': 600}",Crooze for Box Streamlines Digital Asset Management,600d0846862c,a995c24848a3,3,1056,564,1506355658115,1507922070868,0,2017,4,5,12,0,False,56,2,,PostStat
fe8f259b70bc,mail2cloud-enables-secure-email-content-management-in-box,"{'id': '1*emvs5yfIBSPib1xTcRGz2A.jpeg', 'originalWidth': 2000, 'originalHeight': 600}",Mail2Cloud Enables Secure Email Content Management in Box,600d0846862c,a995c24848a3,3,586,293,1506355273389,1507922061857,0,2017,4,1,7,0,False,19,4,,PostStat
454c567a8315,harmonys-no-code-mobile-apps-securely-access-content-in-box,"{'id': '1*kNN3GmtCyM6z6JrWtKajvg.jpeg', 'originalWidth': 2000, 'originalHeight': 600}",Harmony’s No-Code Mobile Apps Securely Access Content in Box,600d0846862c,a995c24848a3,0,371,160,1506354870914,1507922053729,0,2017,4,1,0,0,False,17,2,,PostStat
1cdd19121832,crescendo-and-box-help-mobile-sales-teams-close-more-deals-with-less-effort,"{'id': '1*kKMTYKYjwTpwK7XWGyg54g.jpeg', 'originalWidth': 2000, 'originalHeight': 600}",Crescendo and Box Help Mobile Sales Teams Close More Deals with Less Effort,600d0846862c,a995c24848a3,0,220,117,1506228917991,1507922041600,0,2017,3,1,0,0,False,7,2,,PostStat
6ba539343b59,kony-delivers-secure-document-handling-for-mobile-banking-with-box,"{'id': '1*PhX0hG1Bg6tevhTymUg2nQ.jpeg', 'originalWidth': 2000, 'originalHeight': 600}",Kony Delivers Secure Document Handling for Mobile Banking with Box,600d0846862c,a995c24848a3,0,342,207,1506228550686,1507922034415,0,2017,3,3,0,0,False,21,2,,PostStat
ea4b2641a32f,canon-enables-secure-sharing-of-scanned-documents-by-integrating-box-and-mxhero,"{'id': '1*GYYA1FMf4QwRC_YTY5c0_A.jpeg', 'originalWidth': 2000, 'originalHeight': 600}",Canon Enables Secure Sharing of Scanned Documents by Integrating Box and mxHero,600d0846862c,a995c24848a3,3,1016,606,1506228817051,1507922026779,0,2017,3,2,9,0,False,16,4,,PostStat
3eeceaa0d96,cognizants-guidewire-connector-for-box-helps-insurers-accelerate-the-claims-process,"{'id': '1*MJEqEDJ0eXw8YDB46yGV-g.jpeg', 'originalWidth': 2000, 'originalHeight': 600}",Cognizant’s Guidewire Connector for Box Helps Insurers Accelerate the Claims Process,600d0846862c,a995c24848a3,1,1573,843,1505834472651,1507922019739,0,2017,3,1,1,0,False,58,2,,PostStat
39dfe2b03f31,kony-and-box-enable-employees-to-safely-access-and-share-confidential-content,"{'id': '1*MjDwUvvxIKAO9X4SoL_CCA.jpeg', 'originalWidth': 2000, 'originalHeight': 600}",Kony and Box Enable Employees to Safely Access and Share Confidential Content,600d0846862c,a995c24848a3,0,215,125,1505756754355,1507921990458,0,2017,3,0,0,0,False,17,2,,PostStat
4a25278523,fast-secure-home-loan-processing-with-lendinglink-and-box,"{'id': '1*WUGEqT16qS_i3r9LN57sZw.jpeg', 'originalWidth': 2000, 'originalHeight': 600}","Fast, Secure Home Loan Processing with LendingLink and Box",600d0846862c,a995c24848a3,0,275,166,1505756275891,1507921982662,0,2017,3,2,0,0,False,27,2,,PostStat
5ab5912792ed,jcs-consulting-group-integrates-box-with-servicenow-for-seamless-document-sharing,"{'id': '1*Se8JRrUikDjeJ2rv-2yk9w.jpeg', 'originalWidth': 2000, 'originalHeight': 600}",Paladin Integrates Box with ServiceNow for Seamless Document Sharing,600d0846862c,a995c24848a3,3,584,298,1505756857108,1507921973698,0,2017,3,0,4,0,False,31,2,,PostStat
7f205659c8a5,making-the-jump-from-on-premise-ecm-to-content-services-in-the-cloud,"{'id': '1*raaT7b91NjS4vCa2wN60wg.jpeg', 'originalWidth': 2000, 'originalHeight': 600}",Making the Jump from On-Premise ECM to Content Services in the Cloud,600d0846862c,a995c24848a3,0,545,324,1505756961396,1507921965110,0,2017,3,0,0,0,False,13,2,,PostStat
16387e4e80fc,managing-regulated-life-sciences-content-with-medidata-and-box,"{'id': '1*HoqbxoB80pXxQshqBCRuVw.jpeg', 'originalWidth': 2000, 'originalHeight': 600}",Managing Regulated Life Sciences Content with Medidata and Box,600d0846862c,a995c24848a3,2,488,269,1505756596782,1507921955853,0,2017,3,0,2,0,False,21,2,,PostStat
35253e37f435,hits-and-box-empower-hospitals-to-go-paperless,"{'id': '1*zewWY_aRLX38tYoHDJt8wg.jpeg', 'originalWidth': 2000, 'originalHeight': 600, 'isFeatured': True}",HITS and Box Empower Hospitals to Go Paperless,600d0846862c,a995c24848a3,0,464,208,1505757080715,1507921947542,0,2017,4,0,0,0,False,4,2,,PostStat
9957ce121e0,adjacent-technology-and-box-help-government-agencies-facilitate-requests-for-open-data-and-records,"{'id': '1*f5MGwf7kbhOcHjH-2QJQeA.jpeg', 'originalWidth': 2000, 'originalHeight': 600, 'isFeatured': True}",Adjacent Technology and Box Help Government Agencies Facilitate Requests for Open Data and Records,600d0846862c,a995c24848a3,1,408,213,1506355768971,1507921908220,0,2017,3,0,1,0,False,5,2,,PostStat
f8c573924c99,discover-the-right-solution-for-your-business-with-box-platform-solutions-gallery,"{'id': '1*s2NgQnfsxudojFzE4CaZWQ.jpeg', 'originalWidth': 1012, 'originalHeight': 506, 'isFeatured': True}",Discover the Right Solution for Your Business with Box Platform Solutions Gallery,600d0846862c,a995c24848a3,0,53,32,1507131486880,1507921871596,0,2017,2,2,0,0,False,0,0,,PostStat
f9b6da57fc78,a-recap-of-boxworks-2017-for-developers,"{'id': '1*4qmUXdEfSypqKNQaKzmsag.jpeg', 'originalWidth': 1200, 'originalHeight': 675, 'isFeatured': True}",A Recap of BoxWorks 2017 for Developers,7e4cb8ebf639,a995c24848a3,6,1435,701,1507682551795,1507827044171,0,2017,4,0,11,0,False,12,0,,PostStat
665877706be0,introducing-the-open-with-ui-element,"{'id': '1*PESDKNqVTzcqtiedS8mdAw.png', 'originalWidth': 1440, 'originalHeight': 720}",Introducing the Open With UI Element,7e4cb8ebf639,a995c24848a3,6,1355,840,1507682227031,1507825861051,0,2017,3,0,18,0,False,29,1,,PostStat
e32d1cfa8ccc,introducing-the-box-cli-an-open-source-command-line-interface-from-box,"{'id': '1*Y6izSJt8DYo9pPbk0apfcg.gif', 'originalWidth': 1908, 'originalHeight': 1364}",Introducing the Box CLI: An Open Source Command Line Interface from Box,7e4cb8ebf639,a995c24848a3,14,9808,6746,1507681886470,1507825861001,0,2017,2,0,43,0,False,173,0,,PostStat
dc7264d29506,fieldwire-and-box-enable-easy-collaboration-on-construction-management-documentation,"{'id': '1*jRDOx0uY8oAAPLUggIaMnA.jpeg', 'originalWidth': 2000, 'originalHeight': 600}",Fieldwire and Box Enable Easy Collaboration on Construction Management Documentation,600d0846862c,a995c24848a3,1,645,386,1505834777901,1507824696726,0,2017,3,0,1,0,False,23,2,,PostStat
59d0d059c160,knowledgelake-capture-enables-seamless-document-scanning-processing-and-transfer-to-box,"{'id': '1*Cr-UkPUKtFkM-Khc6No7wQ.jpeg', 'originalWidth': 2000, 'originalHeight': 600}","KnowledgeLake Capture Enables Seamless Document Scanning, Processing, and Transfer to Box",600d0846862c,a995c24848a3,0,302,177,1506653412064,1507824668126,0,2017,3,0,0,0,False,5,2,,PostStat
8fbf33a0e5ca,ewave-connects-box-with-sap-for-automated-efficient-content-workflows,"{'id': '1*8gkFK2sWmJd9m2EV2ZID2w.jpeg', 'originalWidth': 2000, 'originalHeight': 600}","eWave Connects Box with SAP for Automated, Efficient Content Workflows",600d0846862c,a995c24848a3,4,668,311,1506709164614,1507824659792,0,2017,4,0,11,0,False,17,2,,PostStat
1ff2ed710c1f,ibm-expert-seller-powered-by-box-delivers-curated-content-to-mobile-sales-teams,"{'id': '1*H1bwD4a_M4xZP6eXzECrEQ.jpeg', 'originalWidth': 2000, 'originalHeight': 600}","IBM Expert Seller, Powered by Box, Delivers Curated Content to Mobile Sales Teams",600d0846862c,a995c24848a3,0,392,223,1506716576415,1507824633962,0,2017,3,0,0,0,False,5,2,,PostStat
a1a5714a1621,nintex-and-box-automates-sales-content-lifecycle-management-and-workflows,"{'id': '1*YTBLc3DHDjOvxMcfCybFjQ.jpeg', 'originalWidth': 2000, 'originalHeight': 600}",Nintex and Box Automates Sales Content Lifecycle Management and Workflows,600d0846862c,a995c24848a3,1,298,139,1506725276133,1507824625753,0,2017,4,0,1,0,False,9,2,,PostStat
cb098ba11da,k2-and-box-power-process-automation-for-financial-services,"{'id': '1*fhhzLukzyipdllZUZu01pA.jpeg', 'originalWidth': 2000, 'originalHeight': 600}",K2 and Box Power Process Automation for Financial Services,600d0846862c,a995c24848a3,0,309,172,1506831284333,1507824508299,0,2017,3,1,0,0,False,12,3,,PostStat
d85ff6630b52,usdm-accelerates-clinical-study-site-assessments-with-box-and-salesforce,"{'id': '1*PUKjsG25I3St3WtYw7Xq7g.jpeg', 'originalWidth': 2000, 'originalHeight': 600}",USDM Life Sciences Accelerates Clinical Study Site Assessments with Box and Salesforce,600d0846862c,a995c24848a3,0,251,135,1506831529093,1507824501205,0,2017,4,0,0,0,False,3,3,,PostStat
2ac44350e51e,8-path-solutions-and-box-make-high-volume-image-processing-fast-and-easy,"{'id': '1*qGELBZxg7HJaRV4vl-3_Zg.jpeg', 'originalWidth': 2000, 'originalHeight': 600}",8 Path Solutions and Box Make High-Volume Image Processing Fast and Easy,600d0846862c,a995c24848a3,1,863,424,1506891318112,1507824493243,0,2017,3,2,2,0,False,14,2,,PostStat
da9c68804f24,tech-mahindra-and-box-enhance-collaboration-in-product-lifecycle-management,"{'id': '1*0bjx01t3WtbmsCB19tiC9g.jpeg', 'originalWidth': 2000, 'originalHeight': 600}",Tech Mahindra and Box Enhance Collaboration in Product Lifecycle Management,600d0846862c,a995c24848a3,0,339,168,1506899854419,1507824483155,0,2017,4,0,0,0,False,3,3,,PostStat
2e9bea8401c1,tech-mahindra-and-box-streamline-the-mortgage-application-workflow,"{'id': '1*OdrpbSibP03tIRfrqtNj5g.jpeg', 'originalWidth': 2000, 'originalHeight': 600}",Tech Mahindra and Box Streamline the Mortgage Application Workflow,600d0846862c,a995c24848a3,0,367,229,1506899977280,1507824396677,0,2017,4,1,0,0,False,10,2,,PostStat
a39322040f72,revunit-and-box-advance-the-employee-training-experience,"{'id': '1*pVM1EvTC1G6NJf0gWY7pdg.jpeg', 'originalWidth': 2000, 'originalHeight': 600}",RevUnit and Box Advance the Employee Training Experience,600d0846862c,a995c24848a3,3,426,253,1506831461065,1507824390311,0,2017,4,0,3,0,False,10,3,,PostStat
e75d1dbd207b,cosi-insight-legaldocs-and-box-make-it-easier-to-tag-store-and-retain-critical-legal-documents,"{'id': '1*J7_pjXaNebpoC8UgdAh7uQ.jpeg', 'originalWidth': 2000, 'originalHeight': 600}","COSI Insight LegalDocs and Box Make it Easier to Tag, Store, and Retain Critical Legal Documents",600d0846862c,a995c24848a3,1,372,202,1506984121754,1507824349207,0,2017,4,0,1,0,False,9,2,,PostStat
22646255fcc7,cosi-insight-idocs-and-box-help-turn-pitches-into-deals-by-streamlining-client-facing-content,"{'id': '1*XSJ95kLHocJFNbT69Tg_gA.jpeg', 'originalWidth': 2000, 'originalHeight': 600, 'isFeatured': True}",COSI Insight iDocs and Box Help Turn Pitches into Deals by Streamlining Client-Facing Content,600d0846862c,a995c24848a3,0,231,115,1506989858301,1507824015717,0,2017,4,0,0,0,False,8,2,,PostStat
99924be4067,introducing-the-box-skills-kit,"{'id': '1*NGgOvXul0vwFwqTk2SXpSg.jpeg', 'originalWidth': 1200, 'originalHeight': 627, 'isFeatured': True}",Introducing the Box Skills Kit,7e4cb8ebf639,a995c24848a3,25,6534,3061,1507682681702,1507739411057,0,2017,5,4,120,0,False,129,1,,PostStat
81e9661fb363,reimagine-the-the-mortgage-workflow-process-with-y-media-labs-and-box-platform,"{'id': '1*xWX17pxBJiU3X1QaYa_WHg.png', 'originalWidth': 2500, 'originalHeight': 750, 'isFeatured': True}",Reimagine the the mortgage workflow process with Y Media Labs and Box Platform,7e4cb8ebf639,a995c24848a3,4,558,318,1504033454972,1504623661433,0,2017,3,0,8,0,False,17,0,,PostStat
5a3e0ddb2598,how-jar-helps-creative-teams-make-clients-happier-with-box-platform,"{'id': '1*IzOWndrolDZNs1mmsfJ1VA.png', 'originalWidth': 2500, 'originalHeight': 750}",How Jar helps creative teams make clients happier with Box Platform,7e4cb8ebf639,a995c24848a3,0,310,181,1503808679379,1504191661112,0,2017,3,0,0,0,False,6,0,,PostStat
ee93ca881889,how-dealpath-streamlines-deal-management-for-cre-investment-teams-with-box-platform,"{'id': '1*pNyadgpkOPC3y8QqzSmUMQ.png', 'originalWidth': 1400, 'originalHeight': 793, 'isFeatured': True}",How Dealpath streamlines deal management for CRE investment teams with Box Platform,7e4cb8ebf639,a995c24848a3,13,1650,1025,1503362377459,1503586860932,0,2017,3,0,410,0,False,33,0,,PostStat
5d97813c7c51,fetching-watermarked-pdfs-from-box-using-the-representations-api-python-and-flask,"{'id': '1*r3rrfjOqfVe5sFP6F5gAKg.png', 'originalWidth': 1083, 'originalHeight': 324}","Fetching watermarked PDFs from Box using Representations, Python, and Flask",7d391ec318be,a995c24848a3,7,1495,735,1501877432605,1503418914750,0,2017,4,0,7,0,False,147,0,,PostStat
c05dc9c7e473,introducing-representations-transform-your-documents-and-images-to-fit-your-needs,"{'id': '1*2BdF2-QY98jy8NbaLS09xQ.png', 'originalWidth': 2040, 'originalHeight': 1020}",Introducing Representations: Transform your documents and images to fit your needs,7e4cb8ebf639,a995c24848a3,10,1030,751,1503354741207,1503414061219,0,2017,3,0,11,0,False,49,1,,PostStat
1d4ebbf880fb,how-chime-meetings-helps-financial-services-companies-better-engage-with-their-customers-with-box,"{'id': '1*pyYz8sFcwK0u1_cdH-CBiw.png', 'originalWidth': 1600, 'originalHeight': 900, 'isFeatured': True}",How Chime Meetings helps financial services companies better engage with their customers with Box…,7e4cb8ebf639,a995c24848a3,1,585,361,1503001769490,1503068461357,0,2017,3,0,1,0,False,8,0,,PostStat
4d10b6007465,bring-image-labeling-and-ocr-capabilities-to-your-apps-with-box-platform,"{'id': '1*wVk4a3vKVMXfdtmoSVezvQ.png', 'originalWidth': 2879, 'originalHeight': 1213, 'isFeatured': True}",Bring image labeling and OCR capabilities to your apps with Box Platform,7e4cb8ebf639,a995c24848a3,8,4416,2213,1502919807347,1502985960973,0,2017,5,0,16,0,False,108,0,,PostStat
1b64bd738a9f,how-cloudpwr-helps-government-agencies-be-more-transparent-with-citizens-using-box-platform,"{'id': '1*stVY30alV1_nEDGOx8lKiw.jpeg', 'originalWidth': 2000, 'originalHeight': 600}",How cloudPWR helps government agencies be more transparent with citizens using Box Platform,7e4cb8ebf639,a995c24848a3,7,601,286,1502319835846,1502749945850,0,2017,4,0,19,0,False,4,0,,PostStat
cfe0f7b6f90c,celebrating-100-000-box-developers,"{'id': '1*2Cru_ExKc51W93q-OEjQsQ.png', 'originalWidth': 2040, 'originalHeight': 1020}","Celebrating 100,000 Developers using Box",7e4cb8ebf639,a995c24848a3,9,228,123,1502318691964,1502467263567,0,2017,3,0,9,0,False,8,0,,PostStat
6b1f38ad070d,3-new-features-for-videos-in-box-content-preview,"{'id': '1*zLlPN-nsKgQaS95czez07Q.png', 'originalWidth': 2102, 'originalHeight': 1205}",3 new features for videos in Box Content Preview,7e4cb8ebf639,a995c24848a3,6,829,574,1502299184196,1502395134838,0,2017,3,1,10,0,False,17,0,,PostStat
89e9036aef91,box-ui-elements-in-practice-using-node-express-and-pug,"{'id': '1*LzCI35VxsTOszdl4GPQ0yQ.gif', 'originalWidth': 778, 'originalHeight': 276}","Box UI Elements in practice using Node, Express, and Pug",7d391ec318be,a995c24848a3,12,2579,1389,1501626525120,1501862461630,0,2017,4,0,10,0,False,173,0,,PostStat
71b9004e722a,3-easy-ways-to-customize-the-box-ui-elements,"{'id': '1*sInRpr0xqCiMeFWhcXjI6g.png', 'originalWidth': 699, 'originalHeight': 539, 'isFeatured': True}",3 easy ways to customize the Box UI Elements,5fa6c77a6fb2,a995c24848a3,5,2351,1323,1501692186838,1501692339393,0,2017,5,0,55,0,False,128,0,,PostStat
2a97503850e2,box-api-navigator-now-with-box-ui-elements,"{'id': '1*us1Pjcy2D3YremhHDSze1Q.gif', 'originalWidth': 640, 'originalHeight': 344}",Box API Navigator - now with Box UI Elements!,7e4cb8ebf639,a995c24848a3,3,215,141,1501260776942,1501266165436,0,2017,2,0,3,0,False,14,0,,PostStat
71707cc3c4df,reimagining-the-customer-onboarding-experience-with-box-salesforce-docparser-twilio-and,"{'id': '1*2MHWZl_TZPinn_YDQYdGpQ.png', 'originalWidth': 2160, 'originalHeight': 1215, 'isFeatured': True}","Reimagining the customer onboarding experience with Box, Salesforce, DocParser, Twilio, and…",7e4cb8ebf639,a995c24848a3,18,2180,862,1500334359457,1500399961327,0,2017,7,0,35,0,False,149,0,,PostStat
15e09cda54b,opening-box-content-preview-to-developers,"{'id': '1*PHT8eMCFY-QtbP1ZBR2QcA.png', 'originalWidth': 1024, 'originalHeight': 491}",Opening Box Content Preview to developers,7e4cb8ebf639,a995c24848a3,1,708,517,1499909379234,1499961661165,0,2017,3,1,1,0,False,21,0,,PostStat
c6d1a2459024,introducing-box-ui-elements,"{'id': '1*K3JBI2IuDR3z_76uHgcjeQ.png', 'originalWidth': 2040, 'originalHeight': 1020}",Introducing Box UI Elements,2909f1670741,a995c24848a3,15,4494,2456,1499906715780,1499961661144,0,2017,4,5,18,0,False,226,0,,PostStat
36f00905c6f7,leveraging-client-events-with-box-content-preview,"{'id': '1*w8hCRYYlXSI6UhVdlCZMGw.png', 'originalWidth': 1084, 'originalHeight': 700}",Leveraging Client Events with Box Content Preview,7e4cb8ebf639,a995c24848a3,2,235,147,1499909541713,1499961661106,0,2017,3,11,2,0,False,20,0,,PostStat
3dcf7ab891b8,introducing-token-exchange-for-box-platform,{},Introducing Token Exchange for Box Platform,7e4cb8ebf639,a995c24848a3,3,2788,1413,1497974786268,1499961661040,0,2017,4,0,27,0,False,49,0,,PostStat
e0fe844a49c6,create-a-web-form-and-upload-files-to-box-with-box-platform-and-stamplay,"{'id': '1*WnbkLIgOZfDSBWX2jfyfuQ.png', 'originalWidth': 2538, 'originalHeight': 1390}",Create a web form and upload files to Box with Box Platform and Stamplay,f0f1adb961ba,a995c24848a3,8,6499,2851,1492592725379,1499280231496,0,2017,4,2,8,0,False,243,0,,PostStat
ca34840f81ef,introducing-the-recent-items-api,"{'id': '1*SJ1GMTqPrgSesCYCLvaDaA@2x.png', 'originalWidth': 2800, 'originalHeight': 1540, 'isFeatured': True}",Introducing the Recent Items API,7e4cb8ebf639,a995c24848a3,3,788,496,1497974559212,1498147261452,0,2017,2,0,4,0,False,11,0,,PostStat
f82c820ccfcb,introducing-the-chunked-upload-api,"{'id': '1*2UiRAlG1zXlDsczW1F8orQ.png', 'originalWidth': 700, 'originalHeight': 385, 'isFeatured': True}",Introducing the Chunked Uploads API,7e4cb8ebf639,a995c24848a3,14,17999,9392,1497918066317,1497974461378,0,2017,3,0,55,0,False,301,0,,PostStat
db4a51de1116,how-doxly-simplifies-legal-transactions-with-box-platform,"{'id': '1*xVA_8cbirUgKGd4Z5wVTew.png', 'originalWidth': 1667, 'originalHeight': 792, 'isFeatured': True}",How Doxly simplifies legal transactions with Box Platform,7e4cb8ebf639,a995c24848a3,3,1454,868,1495482437567,1495483453285,0,2017,3,0,49,0,False,28,0,,PostStat
3e9239a57db6,embracing-openapi-swagger-at-box,"{'id': '1*xC7PPsXCbqkTL93gQv9WxQ.png', 'originalWidth': 3836, 'originalHeight': 1256, 'isFeatured': True}",Embracing OpenAPI (Swagger) at Box,7e4cb8ebf639,a995c24848a3,12,2625,823,1495125545020,1495126065738,0,2017,7,0,12,0,False,39,0,,PostStat
7dfa9336f9ac,the-new-box-developer-console-is-now-generally-available,"{'id': '1*rREmWl4bgV8BPoLkanCihA.png', 'originalWidth': 1500, 'originalHeight': 900, 'isFeatured': True}",The new Box Developer Console is now Generally Available!,7e4cb8ebf639,a995c24848a3,4,966,563,1493832076906,1493832285641,0,2017,2,0,4,0,False,11,0,,PostStat
c08d93c8e4d3,introducing-auto-generated-rsa-key-pairs-and-exportable-app-settings,"{'id': '1*MOEyr5-AzzOhJCgijtejHQ.gif', 'originalWidth': 1427, 'originalHeight': 670}",Introducing auto-generated RSA key pairs and exportable app settings,7e4cb8ebf639,a995c24848a3,1,844,623,1493828983899,1493829368954,0,2017,2,0,1,0,False,25,0,,PostStat
c9618b7d64d8,showdown-3d-model-compression-at-scale-draco-vs-open3dgc,"{'id': '1*sV03pt6xPFgYGbP9DxJF0w.gif', 'originalWidth': 450, 'originalHeight': 300}",Showdown! 3D Model Compression at Scale: Draco vs. Open3DGC,7e4cb8ebf639,a995c24848a3,9,5696,3922,1493679653608,1493681532853,0,2017,3,1,62,0,False,111,0,,PostStat
f43e87009334,introducing-new-pricing-for-box-platform,{},Introducing New Pricing for Box Platform,7e4cb8ebf639,a995c24848a3,2,1589,1281,1493146036559,1493146425623,0,2017,2,0,2,0,False,38,0,,PostStat
12ce56cac0fd,developer-tutorial-building-a-secure-onboarding-app-with-box-platform,"{'id': '0*RVbsGm2PiGgz9UwA.gif', 'originalWidth': 268, 'originalHeight': 480}",Developer Tutorial — Building a Secure Onboarding App with Box Platform,7e4cb8ebf639,a995c24848a3,3,384,133,1492559141095,1492574011375,0,2017,9,1,3,0,False,189,0,,PostStat
bc6f6ecd96b8,powering-financial-services-transformation-with-ipreo,"{'id': '1*uZMWTR2IRm_Vrps2XucQEA.jpeg', 'originalWidth': 2000, 'originalHeight': 600}",Powering Financial Services Transformation with Ipreo,7e4cb8ebf639,a995c24848a3,1,890,596,1492570936918,1492570969926,0,2017,2,0,1,0,False,9,0,,PostStat
20b167f755a4,streamline-product-management-in-the-cloud-with-box-and-aha-box-blog,"{'id': '0*RkyfW7dVoyTtJRHN.png', 'originalWidth': 1520, 'originalHeight': 760}",Streamline Product Management in the Cloud with Box and Aha! | Box Blog,7e4cb8ebf639,a995c24848a3,1,723,540,1492570189969,1492570219626,0,2017,2,0,49,0,False,34,1,,PostStat
730585b563f3,innovations-in-healthcare-leveraging-alexa-for-patients-on-the-box-platform,"{'id': '1*KvxB_rLOD2F7bS7-FDJ6mA.jpeg', 'originalWidth': 2000, 'originalHeight': 600}",Innovations in Healthcare — Leveraging Alexa for Patients on the Box Platform,7e4cb8ebf639,a995c24848a3,3,721,359,1492569786622,1492569849052,0,2017,5,0,3,0,False,4,0,,PostStat
107b5c39cb2a,how-maxwell-helps-loan-officers-close-loans-faster-with-box-platform,"{'id': '1*620yWMjDln6yzXiehqlhRg.png', 'originalWidth': 1509, 'originalHeight': 983, 'isFeatured': True}",How Maxwell Helps Loan Officers Close Loans Faster with Box Platform,7e4cb8ebf639,a995c24848a3,5,2692,1422,1492561786780,1492562015341,0,2017,4,0,50,0,False,17,0,,PostStat
56fab31c92bd,how-envoy-makes-visitor-sign-in-more-delightful-with-box-box-blog,{},How Envoy Makes Visitor Sign-In More Delightful with Box,7e4cb8ebf639,a995c24848a3,2,752,596,1492559054035,1492559115957,0,2017,2,0,10,0,False,22,1,,PostStat
b70ac5f8a705,integration-partner-spotlight-highspot-box,"{'id': '0*agP2Sv4dvXNfxoyA.png', 'originalWidth': 1250, 'originalHeight': 757}",Integration Partner Spotlight: Highspot & Box,7e4cb8ebf639,a995c24848a3,1,866,532,1492558848970,1492558900869,0,2017,3,0,1,0,False,20,1,,PostStat
1878ab148b70,add-deep-learning-based-image-recognition-to-your-box-app-with-amazon-rekognition,"{'id': '1*wUFl8xthIo0nnZNa705ssQ.png', 'originalWidth': 1024, 'originalHeight': 480}",Add Deep Learning-based Image Recognition to your Box App with Amazon Rekognition,7e4cb8ebf639,a995c24848a3,4,2448,943,1492558356137,1492558788745,0,2017,7,0,5,0,False,49,0,,PostStat
8828b5f1d1c9,manage-user-authentication-with-box-platform-using-amazon-cognito,{},Manage User Authentication with Box Platform using Amazon Cognito,7e4cb8ebf639,a995c24848a3,1,2674,1162,1492557200879,1492557864193,0,2017,6,1,1,0,False,91,0,,PostStat
