postId,slug,title,creatorId,collectionId,upvotes,views,reads,createdAt,firstPublishedAt,visibility,firstPublishedAtBucket,readingTime,syndicatedViews,claps,updateNotificationSubscribers,isSeries,internalReferrerViews,friendsLinkViews,type,daysSincePublished
c6648ff9f763,box-salesforce-box-signの書き戻しフロー,Box + Salesforce: Box Signの書き戻しフロー,5c489a4342f7,d4dda281ea02,0,0,0,2023-10-30T22:48:19,2023-10-31T01:26:19,0,October 2023,9,0,0,0,False,0,0,PostStat,1
5451538f836a,box-postmanの高度なコレクション,Box Postmanの高度なコレクション,5c489a4342f7,d4dda281ea02,0,0,0,2023-10-31T01:07:44,2023-10-31T01:24:48,0,October 2023,9,0,0,0,False,0,0,PostStat,1
04d68a666d95,boxでファイルレプリゼンテーションを最大限活用する,Boxでファイルレプリゼンテーションを最大限活用する,5c489a4342f7,d4dda281ea02,0,3,1,2023-10-30T22:27:41,2023-10-30T22:42:19,0,October 2023,13,0,0,0,False,0,0,PostStat,2
5d1595a6d125,最初のbox-node-jsアプリのデバッグで学んだすべてのこと,最初のBox Node.jsアプリのデバッグで学んだすべてのこと,5c489a4342f7,d4dda281ea02,2,2,0,2023-10-30T22:05:10,2023-10-30T22:25:00,0,October 2023,10,0,6,0,False,0,0,PostStat,2
3a18fd5d0656,box-platformの基本用語集,Box Platformの基本用語集,5c489a4342f7,d4dda281ea02,0,1,0,2023-10-30T21:20:03,2023-10-30T22:04:11,0,October 2023,10,0,0,0,False,1,0,PostStat,2
e261c7d90d45,共有リンクの説明-開発者向けガイド,共有リンクの説明: 開発者向けガイド,5c489a4342f7,d4dda281ea02,0,4,3,2023-10-12T01:50:30,2023-10-12T02:09:52,0,October 2023,10,0,0,0,False,3,0,PostStat,20
328dc12d3af4,box-salesforce-slack統合マッピングを備えたフロー,Box + Salesforce: Slack統合マッピングを備えたフロー,5c489a4342f7,d4dda281ea02,0,5,1,2023-10-12T01:26:55,2023-10-12T01:49:03,0,October 2023,12,0,0,0,False,5,0,PostStat,20
d533c1d72b32,box-salesforce-画面フローとexperience-cloud,Box + Salesforce: 画面フローとExperience Cloud,5c489a4342f7,d4dda281ea02,0,3,2,2023-10-11T03:15:40,2023-10-11T03:47:35,0,October 2023,12,0,0,0,False,2,0,PostStat,21
47cb340efa7e,新機能-box-typescript-sdk-generated,[新機能] Box TypeScript SDK Generated,5c489a4342f7,d4dda281ea02,0,5,2,2023-10-05T02:41:30,2023-10-05T02:58:19,0,October 2023,7,0,0,0,False,3,0,PostStat,27
f9360a052e41,box-platformの基本-認証方法の基礎,Box Platformの基本: 認証方法の基礎,5c489a4342f7,d4dda281ea02,0,4,1,2023-10-04T03:31:35,2023-10-04T03:49:42,0,October 2023,10,0,0,0,False,3,0,PostStat,28
90704ffa65cf,box-platformでの開発をすぐに始めるためのchatgpt活用法,Box Platformでの開発をすぐに始めるためのChatGPT活用法,5c489a4342f7,d4dda281ea02,0,16,3,2023-10-04T03:06:12,2023-10-04T03:30:09,0,October 2023,35,0,0,0,False,5,0,PostStat,28
702a24e5826b,box-enterprise-event-apiとpython,Box Enterprise Event: APIとPython,5c489a4342f7,d4dda281ea02,0,5,2,2023-09-12T03:27:29,2023-10-03T04:08:36,0,October 2023,12,0,0,0,False,2,0,PostStat,29
32b349909df0,box-user-event-rest-apiとpython,Box User Event: REST APIとPython,5c489a4342f7,d4dda281ea02,0,2,2,2023-09-12T03:07:04,2023-10-03T04:07:40,0,October 2023,11,0,0,0,False,1,0,PostStat,29
a128cf93655d,box-api-セキュリティについて,Box API: セキュリティについて,ca4be285f45a,d4dda281ea02,0,9,4,2021-05-11T15:29:41,2023-09-28T02:48:14,0,September 2023,10,0,0,0,False,6,0,PostStat,34
fe09bd0c02e1,イベントについて,イベントについて,5c489a4342f7,d4dda281ea02,0,13,4,2023-08-28T22:42:39,2023-08-29T03:02:55,0,August 2023,10,4,0,0,False,4,0,PostStat,64
e3496d610f59,jwtを使用したbox-node-js-sdkの認証,JWTを使用したBox Node.js SDKの認証,5c489a4342f7,d4dda281ea02,0,34,6,2023-08-16T11:09:19,2023-08-16T12:01:59,0,August 2023,11,2,0,0,False,13,0,PostStat,77
dc6a55ce500c,pythonを使用してboxにフォルダを再帰的にアップロードする方法,Pythonを使用してBoxにフォルダを再帰的にアップロードする方法,5c489a4342f7,d4dda281ea02,0,55,21,2023-08-03T02:50:05,2023-08-03T03:11:33,0,August 2023,11,2,0,0,False,16,0,PostStat,90
d3faab7b2bfa,box-app-userについて,Box App Userについて,5c489a4342f7,d4dda281ea02,0,71,38,2023-07-26T23:54:38,2023-07-27T02:30:56,0,July 2023,10,2,0,0,False,22,0,PostStat,97
53f64573fa9b,新機能-slack統合フォルダマッピングを管理するためのcli自動化テンプレート,新機能: Slack統合フォルダマッピングを管理するためのCLI自動化テンプレート,5c489a4342f7,d4dda281ea02,0,22,9,2023-07-27T00:12:50,2023-07-27T02:30:53,0,July 2023,14,3,0,0,False,9,0,PostStat,97
5948c3f1bc2d,rusty-box-box-api用rustクライアントの作成,Rusty Box: Box API用Rustクライアントの作成,5c489a4342f7,d4dda281ea02,0,51,24,2023-06-25T22:33:08,2023-06-26T03:06:40,0,June 2023,5,2,0,0,False,7,0,PostStat,128
908f62bfa6c9,新しいbox開発者コミュニティにご参加ください,新しいBox Developer Communityにご参加ください,5c489a4342f7,d4dda281ea02,0,37,16,2023-06-19T21:27:03,2023-06-20T01:40:47,0,June 2023,4,1,0,0,False,18,0,PostStat,134
7ce23f8d004f,box-apiを使用したslackチャンネルとboxフォルダ間の統合マッピングの管理,Box APIを使用したSlackチャンネルとBoxフォルダ間の統合マッピングの管理,5c489a4342f7,d4dda281ea02,0,29,5,2023-06-15T00:51:12,2023-06-15T02:27:45,0,June 2023,20,8,0,0,False,15,0,PostStat,139
db0e26ec3d74,pythonを使用してboxにコンテンツをアップロードする3つの方法,Pythonを使用してBoxにコンテンツをアップロードする3つの方法,5c489a4342f7,d4dda281ea02,0,112,63,2023-06-01T22:35:43,2023-06-05T02:18:14,0,June 2023,11,16,0,0,False,29,0,PostStat,149
21532f568e33,box-sign-apiでのテンプレートの使用,Box Sign APIでのテンプレートの使用,5c489a4342f7,d4dda281ea02,0,38,13,2023-05-25T21:36:58,2023-05-26T02:28:43,0,May 2023,13,5,0,0,False,12,0,PostStat,159
df0058773c26,box-node-js-sdkとoauth-2-0の使用,Box Node.js SDKとOAuth 2.0の使用,5c489a4342f7,d4dda281ea02,0,36,13,2023-05-24T02:02:44,2023-05-24T02:47:52,0,May 2023,16,2,0,0,False,18,0,PostStat,161
dd54727500e2,box-python-sdk-3分でゼロから最初のリクエストを行うまで,Box Python SDK — 3分でゼロから最初のリクエストを行うまで,5c489a4342f7,d4dda281ea02,0,114,71,2023-05-19T01:46:08,2023-05-19T02:20:17,0,May 2023,7,3,0,0,False,11,0,PostStat,166
e63e9bd18830,boxとsalesforceフローに関するチュートリアル,BoxとSalesforceフローに関するチュートリアル,5c489a4342f7,d4dda281ea02,0,102,43,2023-05-18T08:30:42,2023-05-19T02:20:14,0,May 2023,8,2,0,0,False,18,0,PostStat,166
8b8ed5ce54e4,boxとappsmithを使用したcrudアプリの作成,BoxとAppsmithを使用したCRUDアプリの作成,5c489a4342f7,d4dda281ea02,0,55,12,2023-05-18T03:54:00,2023-05-19T02:20:10,0,May 2023,15,2,0,0,False,5,0,PostStat,166
e2206a21c82,box-embed-2-0のリリース,Box Embed 2.0のリリース,5c489a4342f7,d4dda281ea02,0,27,13,2023-04-25T02:51:00,2023-04-27T03:36:08,0,April 2023,6,2,0,0,False,15,0,PostStat,188
7b97758833d7,oauth-2-0を使用するandroidアプリでのbox-java-sdkの使用-パート2,OAuth 2.0を使用するAndroidアプリでのBox Java SDKの使用 — パート2,5c489a4342f7,d4dda281ea02,0,31,5,2023-04-18T03:14:10,2023-04-18T03:39:48,0,April 2023,29,3,0,0,False,8,0,PostStat,197
b3db1a118572,oauth-2-0を使用するandroidアプリでのbox-java-sdkの使用-パート1,OAuth 2.0を使用するAndroidアプリでのBox Java SDKの使用 — パート1,5c489a4342f7,d4dda281ea02,0,148,32,2023-04-12T21:11:46,2023-04-13T01:34:23,0,April 2023,23,4,0,0,False,22,0,PostStat,202
22e25f3075ed,cliを使用したboxのコンテンツタグの管理,CLIを使用したBoxのコンテンツタグの管理,5c489a4342f7,d4dda281ea02,0,32,14,2023-04-02T21:35:18,2023-04-04T00:16:06,0,April 2023,12,3,0,0,False,14,0,PostStat,211
b850f21d2e88,boxのカスケードポリシーを使用したメタデータ管理の自動化,Boxのカスケードポリシーを使用したメタデータ管理の自動化,5c489a4342f7,d4dda281ea02,0,152,39,2023-03-31T01:04:15,2023-03-31T02:32:31,0,March 2023,15,2,0,0,False,17,0,PostStat,215
6859de6e29ff,boxのメタデータ管理の入門ガイド,Boxのメタデータ管理の入門ガイド,5c489a4342f7,d4dda281ea02,0,131,63,2023-03-26T23:53:02,2023-03-28T04:22:53,0,March 2023,8,2,0,0,False,27,0,PostStat,218
abfd4802494d,boxのメタデータクエリの使用,Boxのメタデータクエリの使用,5c489a4342f7,d4dda281ea02,0,71,17,2023-03-22T23:53:50,2023-03-27T23:21:30,0,March 2023,17,1,0,0,False,16,0,PostStat,219
3c4c185c5ed6,box-apiを使用したzipアーカイブのダウンロード,Box APIを使用したzipアーカイブのダウンロード,5c489a4342f7,d4dda281ea02,0,195,92,2023-03-03T00:42:27,2023-03-07T00:30:46,0,March 2023,8,3,0,0,False,13,0,PostStat,239
60324e21302d,boxサンプルコードカタログのご案内,Boxサンプルコードカタログのご案内,5c489a4342f7,d4dda281ea02,0,79,40,2023-02-23T21:40:31,2023-03-03T03:31:47,0,March 2023,5,3,0,0,False,30,0,PostStat,243
7e814e2646e2,boxとfastapiを使用したメタデータサービスの構築,BoxとFastAPIを使用したメタデータサービスの構築,5c489a4342f7,d4dda281ea02,0,34,9,2023-02-16T22:48:14,2023-02-17T01:21:33,0,February 2023,15,5,0,0,False,16,0,PostStat,257
eaa57800960c,fastapiを使用したbox分類サービスの構築,FastAPIを使用したBox分類サービスの構築,5c489a4342f7,d4dda281ea02,0,69,28,2023-01-27T00:54:15,2023-01-31T01:27:04,0,January 2023,8,13,0,0,False,19,0,PostStat,274
c515ab54fbaa,box-shieldのスマートアクセスの入門ガイド,Box Shieldのスマートアクセスの入門ガイド,5c489a4342f7,d4dda281ea02,0,86,31,2023-01-23T23:22:30,2023-01-24T02:29:26,0,January 2023,6,10,0,0,False,13,0,PostStat,281
348e51cd53ca,box-shieldの脅威検出の設定方法,Box Shieldの脅威検出の設定方法,5c489a4342f7,d4dda281ea02,0,29,11,2023-01-18T02:34:41,2023-01-24T02:29:21,0,January 2023,9,7,0,0,False,9,0,PostStat,281
e7c51e7ade1e,box-ui-elementsとangular,Box UI ElementsとAngular,5c489a4342f7,d4dda281ea02,0,35,6,2023-01-16T21:30:14,2023-01-18T03:03:50,0,January 2023,10,5,0,0,False,17,0,PostStat,287
c75bb2d1d11d,boxの分類の入門ガイド,Boxの分類の入門ガイド,5c489a4342f7,d4dda281ea02,0,154,61,2023-01-11T02:05:43,2023-01-11T03:22:50,0,January 2023,5,6,0,0,False,30,0,PostStat,294
36eb8e0f77ff,box-shieldの情報バリアの設定方法,Box Shieldの情報バリアの設定方法,5c489a4342f7,d4dda281ea02,0,68,19,2022-12-22T01:50:21,2022-12-23T03:32:10,0,December 2022,6,1,0,0,False,18,0,PostStat,313
cbf124e3ccce,box-uiプレビューアーで注釈を使用する方法,Box UIプレビューアーで注釈を使用する方法,5c489a4342f7,d4dda281ea02,0,48,22,2022-12-14T22:29:55,2022-12-16T02:12:01,0,December 2022,3,8,0,0,False,15,0,PostStat,320
97736d667eab,box-ui-elementsとvue-3,Box UI ElementsとVue 3,5c489a4342f7,d4dda281ea02,0,212,64,2022-12-13T20:37:29,2022-12-14T00:15:14,0,December 2022,11,8,0,0,False,7,0,PostStat,322
afa119c941af,postmanを使用して5分でbox-apiを開始する,Postmanを使用して5分でBox APIを開始する,5c489a4342f7,d4dda281ea02,0,359,201,2022-12-01T01:26:23,2022-12-01T02:45:02,0,December 2022,4,4,0,0,False,31,0,PostStat,335
19f15a272242,box-for-salesforce開発の入門ガイド-パート2,Box for Salesforce開発の入門ガイド: パート2,5c489a4342f7,d4dda281ea02,0,256,82,2022-11-14T00:31:35,2022-11-14T02:11:00,0,November 2022,9,7,0,0,False,57,0,PostStat,352
8d03bbb84f93,新機能-管理コンソールのbox-cli自動化テンプレート,新機能: 管理コンソールのBox CLI自動化テンプレート,5c489a4342f7,d4dda281ea02,0,48,36,2022-11-01T22:25:51,2022-11-07T10:00:04,0,November 2022,1,4,0,0,False,19,0,PostStat,359
509384213e24,コンテンツプレビューui-elementの注釈機能,コンテンツプレビューUI Elementの注釈機能,5c489a4342f7,d4dda281ea02,0,36,27,2022-10-28T03:17:15,2022-10-28T03:26:30,0,October 2022,1,4,0,0,False,16,0,PostStat,369
6d471ac65f86,新機能-開発者コンソールのv2-webhook,新機能: 開発者コンソールのV2 Webhook,5c489a4342f7,d4dda281ea02,0,59,26,2022-10-28T02:58:47,2022-10-28T03:26:24,0,2022,5,3,0,0,False,14,0,PostStat,369
b6011fa24c5,boxの統合について,Boxの統合について,5c489a4342f7,d4dda281ea02,0,169,66,2022-10-28T02:36:30,2022-10-28T03:26:16,0,2022,13,2,0,0,False,33,0,PostStat,369
4482302d0e1,box-platformのさらなる利用方法,Box Platformのさらなる利用方法,5c489a4342f7,d4dda281ea02,0,51,19,2022-10-16T23:59:00,2022-10-17T02:16:47,0,2022,4,4,0,0,False,20,0,PostStat,380
da2de3ceaa74,box-cliを使用したユーザープロビジョニングの自動化,Box CLIを使用したユーザープロビジョニングの自動化,5c489a4342f7,d4dda281ea02,0,50,41,2022-10-10T23:48:51,2022-10-11T02:00:20,0,2022,2,1,0,0,False,15,0,PostStat,386
4d121b93dcfe,box-platformの使用,Box Platformの使用,5c489a4342f7,d4dda281ea02,0,101,33,2022-10-02T23:52:17,2022-10-03T03:24:38,0,2022,6,8,0,0,False,26,0,PostStat,394
bec2724a73a4,box-for-salesforce開発の入門ガイド-パート1,Box for Salesforce開発の入門ガイド: パート1,5c489a4342f7,d4dda281ea02,0,1429,306,2022-09-22T01:53:14,2022-10-03T03:24:36,0,2022,20,8,0,0,False,85,0,PostStat,394
7eea2cde60e0,box-python-sdkとjwtの使用,Box Python SDKとJWTの使用,5c489a4342f7,d4dda281ea02,1,706,191,2022-09-04T21:05:42,2022-09-05T02:22:19,0,2022,7,1,1,0,False,36,0,PostStat,422
3293061a66c5,box-python-sdkとoauth-2-0の使用,Box Python SDKとOAuth 2.0の使用,5c489a4342f7,d4dda281ea02,1,1150,212,2022-08-22T03:05:05,2022-08-23T03:24:53,0,2022,9,0,1,0,False,64,0,PostStat,435
ad0cbefc50ee,box-ui-elementsとpythonの使用-パート3,Box UI ElementsとPythonの使用 (パート3),5c489a4342f7,d4dda281ea02,0,88,23,2022-08-08T05:24:45,2022-08-08T05:49:41,0,2022,7,2,0,0,False,30,0,PostStat,450
9b0206ceb512,box-ui-elementsとpythonの使用-パート2,Box UI ElementsとPythonの使用 (パート2),5c489a4342f7,d4dda281ea02,0,126,50,2022-07-28T20:49:48,2022-07-29T02:00:04,0,2022,7,0,0,0,False,31,0,PostStat,460
7f6c78b86695,box-ui-elementsとpythonの使用-パート1,Box UI ElementsとPythonの使用 (パート1),5c489a4342f7,d4dda281ea02,0,342,97,2022-07-21T00:22:21,2022-07-21T01:08:14,0,2022,8,1,0,0,False,58,0,PostStat,468
3352ea1d0fda,reactでのbox-ui-elementsの使用,REACTでのBox UI Elementsの使用,5c489a4342f7,d4dda281ea02,1,688,175,2022-07-14T23:04:02,2022-07-18T02:37:45,0,2022,6,0,1,0,False,56,0,PostStat,471
93f5f4e2d24b,box-sign-apiの更新,Box Sign APIの更新,5c489a4342f7,d4dda281ea02,0,242,117,2022-05-30T03:03:20,2022-05-31T03:18:16,0,2022,2,2,0,0,False,39,0,PostStat,519
778804b4327b,新しいユーザーアバターapi,新しいユーザーアバターAPI,5c489a4342f7,d4dda281ea02,1,80,53,2022-05-25T23:27:46,2022-05-26T12:48:02,0,2022,2,1,1,0,False,19,0,PostStat,524
3b117de84667,新しい編集可能な共有リンクapi,新しい編集可能な共有リンクAPI,5c489a4342f7,d4dda281ea02,0,105,78,2022-05-11T20:51:55,2022-05-12T10:19:23,0,2022,1,1,0,0,False,21,0,PostStat,538
505549571f83,新しくなったbox-cliのクイックスタートガイド,新しくなったBox CLIのクイックスタートガイド,7e4cb8ebf639,d4dda281ea02,0,1539,1348,2021-05-11T15:42:12,2021-05-11T15:45:45,0,2021,1,1,0,0,False,94,0,PostStat,904
