postId,sourceIdentifier,totalCount,type,internal,search,site,platform,internal.postId,internal.collectionId,internal.profileId,internal.type,site.href,site.title,search.domain,search.keywords,title,creatorId,firstPublishedAt
41b264bd8d50,direct,5,DIRECT,,,,,,,,,,,,,Box AI APIおよびコンテンツプレビューUI ElementのBox AIでアプリケーションの機能を拡張,5c489a4342f7,2024-10-28T21:28:20
41b264bd8d50,google.com,3,SEARCH,,,,,,,,,,,google.com,[],Box AI APIおよびコンテンツプレビューUI ElementのBox AIでアプリケーションの機能を拡張,5c489a4342f7,2024-10-28T21:28:20
41b264bd8d50,Medium emails and notifications,2,INTERNAL,,,,,,,,EMAIL,,,,,Box AI APIおよびコンテンツプレビューUI ElementのBox AIでアプリケーションの機能を拡張,5c489a4342f7,2024-10-28T21:28:20
41b264bd8d50,medium.com/box-developer-japan-blog,1,INTERNAL,,,,,,,,POST,,,,,Box AI APIおよびコンテンツプレビューUI ElementのBox AIでアプリケーションの機能を拡張,5c489a4342f7,2024-10-28T21:28:20
41b264bd8d50,medium.com/@ytaniguchi,1,INTERNAL,,,,,,,,POST,,,,,Box AI APIおよびコンテンツプレビューUI ElementのBox AIでアプリケーションの機能を拡張,5c489a4342f7,2024-10-28T21:28:20
fd7a3b4d7c6b,google.com,5,SEARCH,,,,,,,,,,,google.com,[],[デモ] Box + Pinecone,5c489a4342f7,2024-10-25T06:05:06
fd7a3b4d7c6b,direct,3,DIRECT,,,,,,,,,,,,,[デモ] Box + Pinecone,5c489a4342f7,2024-10-25T06:05:06
fd7a3b4d7c6b,medium.com/@ytaniguchi,2,INTERNAL,,,,,,,,POST,,,,,[デモ] Box + Pinecone,5c489a4342f7,2024-10-25T06:05:06
fd7a3b4d7c6b,medium.com/box-developer-japan-blog,1,INTERNAL,,,,,,,,POST,,,,,[デモ] Box + Pinecone,5c489a4342f7,2024-10-25T06:05:06
27abc9a6481a,medium.com/@ytaniguchi,3,INTERNAL,,,,,,,,POST,,,,,LlamaIndex用のBox AIツール,5c489a4342f7,2024-10-21T00:22:29
27abc9a6481a,direct,2,DIRECT,,,,,,,,,,,,,LlamaIndex用のBox AIツール,5c489a4342f7,2024-10-21T00:22:29
27abc9a6481a,medium.com/box-developer-japan-blog,1,INTERNAL,,,,,,,,POST,,,,,LlamaIndex用のBox AIツール,5c489a4342f7,2024-10-21T00:22:29
969aa1dd679f,google.com,9,SEARCH,,,,,,,,,,,google.com,[],コンテンツに対する安全なRAG手法の探究,5c489a4342f7,2024-10-21T00:22:04
969aa1dd679f,medium.com/@ytaniguchi,3,INTERNAL,,,,,,,,PROFILE,,,,,コンテンツに対する安全なRAG手法の探究,5c489a4342f7,2024-10-21T00:22:04
969aa1dd679f,Android device (not Medium app),2,SITE,,,,,,,,,android-app://com.google.android.googlequicksearchbox/,,,,コンテンツに対する安全なRAG手法の探究,5c489a4342f7,2024-10-21T00:22:04
58503fcaf629,medium.com/box-developer-japan-blog,2,INTERNAL,,,,,,,,POST,,,,,[チュートリアル] Box AI API — AIモデルの上書きオプション,5c489a4342f7,2024-10-18T05:52:38
58503fcaf629,medium.com/@ytaniguchi,1,INTERNAL,,,,,,,,POST,,,,,[チュートリアル] Box AI API — AIモデルの上書きオプション,5c489a4342f7,2024-10-18T05:52:38
c9aa2ba9196e,medium.com/box-developer-japan-blog,6,INTERNAL,,,,,,,,POST,,,,,LlamaIndex用Boxツールの導入,5c489a4342f7,2024-10-04T02:33:13
c9aa2ba9196e,google.com,2,SEARCH,,,,,,,,,,,google.com,[],LlamaIndex用Boxツールの導入,5c489a4342f7,2024-10-04T02:33:13
c9aa2ba9196e,medium.com/@ytaniguchi,2,INTERNAL,,,,,,,,POST,,,,,LlamaIndex用Boxツールの導入,5c489a4342f7,2024-10-04T02:33:13
772a45d9d792,medium.com/box-developer-japan-blog,4,INTERNAL,,,,,,,,POST,,,,,[ビデオ] Box AI Platform API: パートナースポットライト — LlamaIndex,5c489a4342f7,2024-09-26T01:39:03
772a45d9d792,direct,2,DIRECT,,,,,,,,,,,,,[ビデオ] Box AI Platform API: パートナースポットライト — LlamaIndex,5c489a4342f7,2024-09-26T01:39:03
772a45d9d792,medium.com/@ytaniguchi,2,INTERNAL,,,,,,,,POST,,,,,[ビデオ] Box AI Platform API: パートナースポットライト — LlamaIndex,5c489a4342f7,2024-09-26T01:39:03
772a45d9d792,google.com,1,SEARCH,,,,,,,,,,,google.com,[],[ビデオ] Box AI Platform API: パートナースポットライト — LlamaIndex,5c489a4342f7,2024-09-26T01:39:03
772a45d9d792,medium.com/box-developer-japan-blog/latest,1,INTERNAL,,,,,,,,POST,,,,,[ビデオ] Box AI Platform API: パートナースポットライト — LlamaIndex,5c489a4342f7,2024-09-26T01:39:03
1404c69a3011,medium.com/box-developer-japan-blog,2,INTERNAL,,,,,,,,POST,,,,,[ビデオ] Box AI Platform APIの開発者によるラウンドテーブル,5c489a4342f7,2024-09-25T04:11:10
1404c69a3011,medium.com/@ytaniguchi,2,INTERNAL,,,,,,,,POST,,,,,[ビデオ] Box AI Platform APIの開発者によるラウンドテーブル,5c489a4342f7,2024-09-25T04:11:10
1404c69a3011,google.com,1,SEARCH,,,,,,,,,,,google.com,[],[ビデオ] Box AI Platform APIの開発者によるラウンドテーブル,5c489a4342f7,2024-09-25T04:11:10
d1b298c34bd5,google.com,7,SEARCH,,,,,,,,,,,google.com,[],Box AI Platformの新機能による構造化データ抽出の強化,5c489a4342f7,2024-09-25T04:04:04
d1b298c34bd5,medium.com/@ytaniguchi,5,INTERNAL,,,,,,,,POST,,,,,Box AI Platformの新機能による構造化データ抽出の強化,5c489a4342f7,2024-09-25T04:04:04
d1b298c34bd5,medium.com/box-developer-japan-blog,4,INTERNAL,,,,,,,,POST,,,,,Box AI Platformの新機能による構造化データ抽出の強化,5c489a4342f7,2024-09-25T04:04:04
d1b298c34bd5,direct,2,DIRECT,,,,,,,,,,,,,Box AI Platformの新機能による構造化データ抽出の強化,5c489a4342f7,2024-09-25T04:04:04
d1b298c34bd5,medium.comhome,1,INTERNAL,,,,,,,,POST,,,,,Box AI Platformの新機能による構造化データ抽出の強化,5c489a4342f7,2024-09-25T04:04:04
d1b298c34bd5,Medium emails and notifications,1,INTERNAL,,,,,,,,EMAIL,,,,,Box AI Platformの新機能による構造化データ抽出の強化,5c489a4342f7,2024-09-25T04:04:04
d1b298c34bd5,medium.com/box-developer-japan-blog/latest,1,INTERNAL,,,,,,,,POST,,,,,Box AI Platformの新機能による構造化データ抽出の強化,5c489a4342f7,2024-09-25T04:04:04
37d068bb7166,medium.com/box-developer-japan-blog,4,INTERNAL,,,,,,,,POST,,,,,[ビデオ] Box AI Platform APIに関するインタビュー,5c489a4342f7,2024-09-17T04:03:51
37d068bb7166,direct,1,DIRECT,,,,,,,,,,,,,[ビデオ] Box AI Platform APIに関するインタビュー,5c489a4342f7,2024-09-17T04:03:51
37d068bb7166,google.com,1,SEARCH,,,,,,,,,,,google.com,[],[ビデオ] Box AI Platform APIに関するインタビュー,5c489a4342f7,2024-09-17T04:03:51
37d068bb7166,medium.com/@ytaniguchi,1,INTERNAL,,,,,,,,POST,,,,,[ビデオ] Box AI Platform APIに関するインタビュー,5c489a4342f7,2024-09-17T04:03:51
2923aa79df5d,google.com,24,SEARCH,,,,,,,,,,,google.com,[],LangChain Box loaderの導入,5c489a4342f7,2024-09-10T01:37:17
2923aa79df5d,medium.com/box-developer-japan-blog,13,INTERNAL,,,,,,,,COLLECTION,,,,,LangChain Box loaderの導入,5c489a4342f7,2024-09-10T01:37:17
2923aa79df5d,medium.com/@ytaniguchi,4,INTERNAL,,,,,,,,PROFILE,,,,,LangChain Box loaderの導入,5c489a4342f7,2024-09-10T01:37:17
2923aa79df5d,medium.com/box-developer-japan-blog/latest,3,INTERNAL,,,,,,,,COLLECTION,,,,,LangChain Box loaderの導入,5c489a4342f7,2024-09-10T01:37:17
2923aa79df5d,direct,2,DIRECT,,,,,,,,,,,,,LangChain Box loaderの導入,5c489a4342f7,2024-09-10T01:37:17
2923aa79df5d,medium.comapp,2,INTERNAL,,,,,,,,POST,,,,,LangChain Box loaderの導入,5c489a4342f7,2024-09-10T01:37:17
2923aa79df5d,medium.com/box-developer-japan-blog/search,1,INTERNAL,,,,,,,,POST,,,,,LangChain Box loaderの導入,5c489a4342f7,2024-09-10T01:37:17
2923aa79df5d,Medium emails and notifications,1,INTERNAL,,,,,,,,EMAIL,,,,,LangChain Box loaderの導入,5c489a4342f7,2024-09-10T01:37:17
2923aa79df5d,search.yahoo.co.jp,1,SITE,,,,,,,,,https://search.yahoo.co.jp/,,,,LangChain Box loaderの導入,5c489a4342f7,2024-09-10T01:37:17
62a48bf419eb,direct,7,DIRECT,,,,,,,,,,,,,[ビデオ] Box AI Platform APIのデモ,5c489a4342f7,2024-09-05T21:31:41
62a48bf419eb,www.bing.com,5,SEARCH,,,,,,,,,,,www.bing.com,[],[ビデオ] Box AI Platform APIのデモ,5c489a4342f7,2024-09-05T21:31:41
62a48bf419eb,medium.com/box-developer-japan-blog,4,INTERNAL,,,,,,,,POST,,,,,[ビデオ] Box AI Platform APIのデモ,5c489a4342f7,2024-09-05T21:31:41
62a48bf419eb,google.com,2,SEARCH,,,,,,,,,,,google.com,[],[ビデオ] Box AI Platform APIのデモ,5c489a4342f7,2024-09-05T21:31:41
62a48bf419eb,medium.com/@ytaniguchi,2,INTERNAL,,,,,,,,PROFILE,,,,,[ビデオ] Box AI Platform APIのデモ,5c489a4342f7,2024-09-05T21:31:41
62a48bf419eb,medium.com,1,INTERNAL,,,,,,,,HOMEPAGE,,,,,[ビデオ] Box AI Platform APIのデモ,5c489a4342f7,2024-09-05T21:31:41
62a48bf419eb,medium.com/box-developer-japan-blog/latest,1,INTERNAL,,,,,,,,POST,,,,,[ビデオ] Box AI Platform APIのデモ,5c489a4342f7,2024-09-05T21:31:41
9f5f401e3c08,google.com,18,SEARCH,,,,,,,,,,,google.com,[],Box Llama-Index Reader: 優れた機能,5c489a4342f7,2024-08-30T01:39:01
9f5f401e3c08,medium.com/box-developer-japan-blog,5,INTERNAL,,,,,,,,COLLECTION,,,,,Box Llama-Index Reader: 優れた機能,5c489a4342f7,2024-08-30T01:39:01
9f5f401e3c08,direct,3,DIRECT,,,,,,,,,,,,,Box Llama-Index Reader: 優れた機能,5c489a4342f7,2024-08-30T01:39:01
9f5f401e3c08,medium.com/@ytaniguchi,2,INTERNAL,,,,,,,,POST,,,,,Box Llama-Index Reader: 優れた機能,5c489a4342f7,2024-08-30T01:39:01
9f5f401e3c08,medium.com/box-developer-japan-blog/latest,2,INTERNAL,,,,,,,,POST,,,,,Box Llama-Index Reader: 優れた機能,5c489a4342f7,2024-08-30T01:39:01
9f5f401e3c08,medium.com/box-developer-japan-blog/%E3%83%93%E3%83%87%E3%82%AA-box-ai-platform-api-%E3%83%91%E3%83%BC%E3%83%88%E3%83%8A%E3%83%BC%E3%82%B9%E3%83%9D%E3%83%83%E3%83%88%E3%83%A9%E3%82%A4%E3%83%88-llamaindex-772a45d9d792,1,INTERNAL,,,,,,,,POST,,,,,Box Llama-Index Reader: 優れた機能,5c489a4342f7,2024-08-30T01:39:01
9f5f401e3c08,Medium emails and notifications,1,INTERNAL,,,,,,,,EMAIL,,,,,Box Llama-Index Reader: 優れた機能,5c489a4342f7,2024-08-30T01:39:01
9f5f401e3c08,Unidentified feed reader,1,RSS,,,,,,,,,,,,,Box Llama-Index Reader: 優れた機能,5c489a4342f7,2024-08-30T01:39:01
9f5f401e3c08,medium.com/box-developer-japan-blog/%25E3%2583%2587%25E3%2583%25A2-box-pinecone-fd7a3b4d7c6b,1,INTERNAL,,,,,,,,POST,,,,,Box Llama-Index Reader: 優れた機能,5c489a4342f7,2024-08-30T01:39:01
9f5f401e3c08,medium.com/box-developer-japan-blog/box-python-sdk-3%E5%88%86%E3%81%A7%E3%82%BC%E3%83%AD%E3%81%8B%E3%82%89%E6%9C%80%E5%88%9D%E3%81%AE%E3%83%AA%E3%82%AF%E3%82%A8%E3%82%B9%E3%83%88%E3%82%92%E8%A1%8C%E3%81%86%E3%81%BE%E3%81%A7-dd54727500e2,1,INTERNAL,,,,,,,,POST,,,,,Box Llama-Index Reader: 優れた機能,5c489a4342f7,2024-08-30T01:39:01
837cb46fba39,google.com,15,SEARCH,,,,,,,,,,,google.com,[],Box Llama-Index Readerの導入,5c489a4342f7,2024-08-26T05:50:28
837cb46fba39,medium.com/box-developer-japan-blog,13,INTERNAL,,,,,,,,POST,,,,,Box Llama-Index Readerの導入,5c489a4342f7,2024-08-26T05:50:28
837cb46fba39,direct,5,DIRECT,,,,,,,,,,,,,Box Llama-Index Readerの導入,5c489a4342f7,2024-08-26T05:50:28
837cb46fba39,medium.com/@ytaniguchi,4,INTERNAL,,,,,,,,POST,,,,,Box Llama-Index Readerの導入,5c489a4342f7,2024-08-26T05:50:28
837cb46fba39,medium.com/box-developer-japan-blog/box-llama-index-reader-%25E5%2584%25AA%25E3%2582%258C%25E3%2581%259F%25E6%25A9%259F%25E8%2583%25BD-9f5f401e3c08,3,INTERNAL,,,,,,,,POST,,,,,Box Llama-Index Readerの導入,5c489a4342f7,2024-08-26T05:50:28
837cb46fba39,medium.com,3,INTERNAL,,,,,,,,HOMEPAGE,,,,,Box Llama-Index Readerの導入,5c489a4342f7,2024-08-26T05:50:28
837cb46fba39,medium.comhome,1,INTERNAL,,,,,,,,POST,,,,,Box Llama-Index Readerの導入,5c489a4342f7,2024-08-26T05:50:28
837cb46fba39,Unidentified feed reader,1,RSS,,,,,,,,,,,,,Box Llama-Index Readerの導入,5c489a4342f7,2024-08-26T05:50:28
837cb46fba39,medium.com/box-developer-japan-blog/latest,1,INTERNAL,,,,,,,,POST,,,,,Box Llama-Index Readerの導入,5c489a4342f7,2024-08-26T05:50:28
cb3863efbc81,google.com,30,SEARCH,,,,,,,,,,,google.com,[],[新機能] Box AI for Slackの設定方法と利用方法,5c489a4342f7,2024-08-09T08:43:37
cb3863efbc81,direct,12,DIRECT,,,,,,,,,,,,,[新機能] Box AI for Slackの設定方法と利用方法,5c489a4342f7,2024-08-09T08:43:37
cb3863efbc81,www.bing.com,11,SEARCH,,,,,,,,,,,www.bing.com,[],[新機能] Box AI for Slackの設定方法と利用方法,5c489a4342f7,2024-08-09T08:43:37
cb3863efbc81,medium.com/box-developer-japan-blog,4,INTERNAL,,,,,,,,POST,,,,,[新機能] Box AI for Slackの設定方法と利用方法,5c489a4342f7,2024-08-09T08:43:37
cb3863efbc81,medium.com/@ytaniguchi,4,INTERNAL,,,,,,,,PROFILE,,,,,[新機能] Box AI for Slackの設定方法と利用方法,5c489a4342f7,2024-08-09T08:43:37
cb3863efbc81,medium.com/box-developer-japan-blog/latest,2,INTERNAL,,,,,,,,POST,,,,,[新機能] Box AI for Slackの設定方法と利用方法,5c489a4342f7,2024-08-09T08:43:37
cb3863efbc81,medium.com,1,INTERNAL,,,,,,,,HOMEPAGE,,,,,[新機能] Box AI for Slackの設定方法と利用方法,5c489a4342f7,2024-08-09T08:43:37
cb3863efbc81,search.yahoo.co.jp,1,SITE,,,,,,,,,https://search.yahoo.co.jp/,,,,[新機能] Box AI for Slackの設定方法と利用方法,5c489a4342f7,2024-08-09T08:43:37
7de8f5a162c8,direct,26,DIRECT,,,,,,,,,,,,,GNU ParallelによるBox CLIの強化,5c489a4342f7,2024-07-30T04:25:54
7de8f5a162c8,google.com,24,SEARCH,,,,,,,,,,,google.com,[],GNU ParallelによるBox CLIの強化,5c489a4342f7,2024-07-30T04:25:54
7de8f5a162c8,medium.com/box-developer-japan-blog,19,INTERNAL,,,,,,,,COLLECTION,,,,,GNU ParallelによるBox CLIの強化,5c489a4342f7,2024-07-30T04:25:54
7de8f5a162c8,medium.com/@ytaniguchi,4,INTERNAL,,,,,,,,PROFILE,,,,,GNU ParallelによるBox CLIの強化,5c489a4342f7,2024-07-30T04:25:54
7de8f5a162c8,l.workplace.com,3,SITE,,,,,,,,,https://l.workplace.com/,,,,GNU ParallelによるBox CLIの強化,5c489a4342f7,2024-07-30T04:25:54
7de8f5a162c8,medium.com,2,INTERNAL,,,,,,,,HOMEPAGE,,,,,GNU ParallelによるBox CLIの強化,5c489a4342f7,2024-07-30T04:25:54
7de8f5a162c8,Unidentified feed reader,1,RSS,,,,,,,,,,,,,GNU ParallelによるBox CLIの強化,5c489a4342f7,2024-07-30T04:25:54
21086601cce3,medium.com/box-developer-japan-blog,9,INTERNAL,,,,,,,,POST,,,,,シームレスな統合 — Box UI ElementsとReact 18の互換性,5c489a4342f7,2024-07-26T05:39:35
21086601cce3,medium.com/@ytaniguchi,9,INTERNAL,,,,,,,,PROFILE,,,,,シームレスな統合 — Box UI ElementsとReact 18の互換性,5c489a4342f7,2024-07-26T05:39:35
21086601cce3,direct,6,DIRECT,,,,,,,,,,,,,シームレスな統合 — Box UI ElementsとReact 18の互換性,5c489a4342f7,2024-07-26T05:39:35
21086601cce3,google.com,1,SEARCH,,,,,,,,,,,google.com,[],シームレスな統合 — Box UI ElementsとReact 18の互換性,5c489a4342f7,2024-07-26T05:39:35
21086601cce3,Unidentified feed reader,1,RSS,,,,,,,,,,,,,シームレスな統合 — Box UI ElementsとReact 18の互換性,5c489a4342f7,2024-07-26T05:39:35
21086601cce3,Android device (not Medium app),1,SITE,,,,,,,,,android-app://com.google.android.googlequicksearchbox/,,,,シームレスな統合 — Box UI ElementsとReact 18の互換性,5c489a4342f7,2024-07-26T05:39:35
30e5c0ffb75f,medium.com/box-developer-japan-blog,10,INTERNAL,,,,,,,,POST,,,,,Box UI Elements、React、Tailwind CSS、Vercelを使用したコンテンツポータルの作成 (パート2),5c489a4342f7,2024-07-26T05:39:12
30e5c0ffb75f,medium.com/@ytaniguchi,5,INTERNAL,,,,,,,,POST,,,,,Box UI Elements、React、Tailwind CSS、Vercelを使用したコンテンツポータルの作成 (パート2),5c489a4342f7,2024-07-26T05:39:12
30e5c0ffb75f,direct,4,DIRECT,,,,,,,,,,,,,Box UI Elements、React、Tailwind CSS、Vercelを使用したコンテンツポータルの作成 (パート2),5c489a4342f7,2024-07-26T05:39:12
30e5c0ffb75f,google.com,2,SEARCH,,,,,,,,,,,google.com,[],Box UI Elements、React、Tailwind CSS、Vercelを使用したコンテンツポータルの作成 (パート2),5c489a4342f7,2024-07-26T05:39:12
30e5c0ffb75f,medium.com/box-developer-japan-blog/search,1,INTERNAL,,,,,,,,POST,,,,,Box UI Elements、React、Tailwind CSS、Vercelを使用したコンテンツポータルの作成 (パート2),5c489a4342f7,2024-07-26T05:39:12
30e5c0ffb75f,www.bing.com,1,SEARCH,,,,,,,,,,,www.bing.com,[],Box UI Elements、React、Tailwind CSS、Vercelを使用したコンテンツポータルの作成 (パート2),5c489a4342f7,2024-07-26T05:39:12
30e5c0ffb75f,Unidentified feed reader,1,RSS,,,,,,,,,,,,,Box UI Elements、React、Tailwind CSS、Vercelを使用したコンテンツポータルの作成 (パート2),5c489a4342f7,2024-07-26T05:39:12
920b4763dc34,direct,18,DIRECT,,,,,,,,,,,,,Box Postmanコレクションの更新,5c489a4342f7,2024-07-04T21:12:04
920b4763dc34,medium.com/box-developer-japan-blog,17,INTERNAL,,,,,,,,COLLECTION,,,,,Box Postmanコレクションの更新,5c489a4342f7,2024-07-04T21:12:04
920b4763dc34,google.com,9,SEARCH,,,,,,,,,,,google.com,[],Box Postmanコレクションの更新,5c489a4342f7,2024-07-04T21:12:04
920b4763dc34,medium.com/m/callback/google,5,INTERNAL,,,,,,,,POST,,,,,Box Postmanコレクションの更新,5c489a4342f7,2024-07-04T21:12:04
920b4763dc34,medium.com/@ytaniguchi,3,INTERNAL,,,,,,,,POST,,,,,Box Postmanコレクションの更新,5c489a4342f7,2024-07-04T21:12:04
920b4763dc34,felo.ai,1,SITE,,,,,,,,,https://felo.ai/,,,,Box Postmanコレクションの更新,5c489a4342f7,2024-07-04T21:12:04
920b4763dc34,medium.com/box-developer-japan-blog/box-for-salesforce%E9%96%8B%E7%99%BA%E3%81%AE%E5%85%A5%E9%96%80%E3%82%AC%E3%82%A4%E3%83%89-%E3%83%91%E3%83%BC%E3%83%881-bec2724a73a4,1,INTERNAL,,,,,,,,POST,,,,,Box Postmanコレクションの更新,5c489a4342f7,2024-07-04T21:12:04
920b4763dc34,Unidentified feed reader,1,RSS,,,,,,,,,,,,,Box Postmanコレクションの更新,5c489a4342f7,2024-07-04T21:12:04
7a5e48584984,google.com,50,SEARCH,,,,,,,,,,,google.com,[],Box AIを使用した構造化データの抽出,5c489a4342f7,2024-07-01T02:30:57
7a5e48584984,direct,44,DIRECT,,,,,,,,,,,,,Box AIを使用した構造化データの抽出,5c489a4342f7,2024-07-01T02:30:57
7a5e48584984,medium.com/box-developer-japan-blog,17,INTERNAL,,,,,,,,POST,,,,,Box AIを使用した構造化データの抽出,5c489a4342f7,2024-07-01T02:30:57
7a5e48584984,medium.com/box-developer-japan-blog/latest,7,INTERNAL,,,,,,,,COLLECTION,,,,,Box AIを使用した構造化データの抽出,5c489a4342f7,2024-07-01T02:30:57
7a5e48584984,medium.com/@ytaniguchi,6,INTERNAL,,,,,,,,POST,,,,,Box AIを使用した構造化データの抽出,5c489a4342f7,2024-07-01T02:30:57
7a5e48584984,medium.com,3,INTERNAL,,,,,,,,HOMEPAGE,,,,,Box AIを使用した構造化データの抽出,5c489a4342f7,2024-07-01T02:30:57
7a5e48584984,medium.com/box-developer-japan-blog/box-ai-platform%25E3%2581%25AE%25E6%2596%25B0%25E6%25A9%259F%25E8%2583%25BD%25E3%2581%25AB%25E3%2582%2588%25E3%2582%258B%25E6%25A7%258B%25E9%2580%25A0%25E5%258C%2596%25E3%2583%2587%25E3%2583%25BC%25E3%2582%25BF%25E6%258A%25BD%25E5%2587%25BA%25E3%2581%25AE%25E5%25BC%25B7%25E5%258C%2596-d1b298c34bd5,2,INTERNAL,,,,,,,,POST,,,,,Box AIを使用した構造化データの抽出,5c489a4342f7,2024-07-01T02:30:57
7a5e48584984,www.bing.com,1,SEARCH,,,,,,,,,,,www.bing.com,[],Box AIを使用した構造化データの抽出,5c489a4342f7,2024-07-01T02:30:57
7a5e48584984,Unidentified feed reader,1,RSS,,,,,,,,,,,,,Box AIを使用した構造化データの抽出,5c489a4342f7,2024-07-01T02:30:57
6ac1e1070143,google.com,11,SEARCH,,,,,,,,,,,google.com,[],Box Platform開発者エコシステムのご案内,5c489a4342f7,2024-06-28T22:35:29
6ac1e1070143,medium.com/box-developer-japan-blog,6,INTERNAL,,,,,,,,COLLECTION,,,,,Box Platform開発者エコシステムのご案内,5c489a4342f7,2024-06-28T22:35:29
6ac1e1070143,medium.com/@ytaniguchi,4,INTERNAL,,,,,,,,POST,,,,,Box Platform開発者エコシステムのご案内,5c489a4342f7,2024-06-28T22:35:29
6ac1e1070143,direct,2,DIRECT,,,,,,,,,,,,,Box Platform開発者エコシステムのご案内,5c489a4342f7,2024-06-28T22:35:29
6ac1e1070143,medium.com/box-developer-japan-blog/search,1,INTERNAL,,,,,,,,POST,,,,,Box Platform開発者エコシステムのご案内,5c489a4342f7,2024-06-28T22:35:29
6ac1e1070143,Medium emails and notifications,1,INTERNAL,,,,,,,,EMAIL,,,,,Box Platform開発者エコシステムのご案内,5c489a4342f7,2024-06-28T22:35:29
6ac1e1070143,Unidentified feed reader,1,RSS,,,,,,,,,,,,,Box Platform開発者エコシステムのご案内,5c489a4342f7,2024-06-28T22:35:29
6ac1e1070143,medium.com/box-developer-japan-blog/box-platform%25E9%2596%258B%25E7%2599%25BA%25E8%2580%2585%25E3%2582%25A8%25E3%2582%25B3%25E3%2582%25B7%25E3%2582%25B9%25E3%2583%2586%25E3%2583%25A0%25E3%2581%25AE%25E3%2581%2594%25E6%25A1%2588%25E5%2586%2585-6ac1e1070143,1,INTERNAL,,,,,,,,POST,,,,,Box Platform開発者エコシステムのご案内,5c489a4342f7,2024-06-28T22:35:29
6ac1e1070143,hitachigroup.okta.com,1,SITE,,,,,,,,,https://hitachigroup.okta.com/,,,,Box Platform開発者エコシステムのご案内,5c489a4342f7,2024-06-28T22:35:29
6ac1e1070143,medium.com/box-developer-japan-blog/latest,1,INTERNAL,,,,,,,,POST,,,,,Box Platform開発者エコシステムのご案内,5c489a4342f7,2024-06-28T22:35:29
230d71fd155e,google.com,37,SEARCH,,,,,,,,,,,google.com,[],Box UI Elements、React、Tailwind CSS、Vercelを使用したコンテンツポータルの作成 (パート1),5c489a4342f7,2024-06-27T04:59:29
230d71fd155e,direct,16,DIRECT,,,,,,,,,,,,,Box UI Elements、React、Tailwind CSS、Vercelを使用したコンテンツポータルの作成 (パート1),5c489a4342f7,2024-06-27T04:59:29
230d71fd155e,medium.com/box-developer-japan-blog,8,INTERNAL,,,,,,,,POST,,,,,Box UI Elements、React、Tailwind CSS、Vercelを使用したコンテンツポータルの作成 (パート1),5c489a4342f7,2024-06-27T04:59:29
230d71fd155e,medium.com/box-developer-japan-blog/box-ui-elements-react-tailwind-css-vercel%25E3%2582%2592%25E4%25BD%25BF%25E7%2594%25A8%25E3%2581%2597%25E3%2581%259F%25E3%2582%25B3%25E3%2583%25B3%25E3%2583%2586%25E3%2583%25B3%25E3%2583%2584%25E3%2583%259D%25E3%2583%25BC%25E3%2582%25BF%25E3%2583%25AB%25E3%2581%25AE%25E4%25BD%259C%25E6%2588%2590-%25E3%2583%2591%25E3%2583%25BC%25E3%2583%25882-30e5c0ffb75f,3,INTERNAL,,,,,,,,POST,,,,,Box UI Elements、React、Tailwind CSS、Vercelを使用したコンテンツポータルの作成 (パート1),5c489a4342f7,2024-06-27T04:59:29
230d71fd155e,medium.com/@ytaniguchi,2,INTERNAL,,,,,,,,POST,,,,,Box UI Elements、React、Tailwind CSS、Vercelを使用したコンテンツポータルの作成 (パート1),5c489a4342f7,2024-06-27T04:59:29
230d71fd155e,medium.com/box-developer-japan-blog/latest,2,INTERNAL,,,,,,,,POST,,,,,Box UI Elements、React、Tailwind CSS、Vercelを使用したコンテンツポータルの作成 (パート1),5c489a4342f7,2024-06-27T04:59:29
230d71fd155e,medium.com/box-developer-japan-blog/%25E3%2582%25B7%25E3%2583%25BC%25E3%2583%25A0%25E3%2583%25AC%25E3%2582%25B9%25E3%2581%25AA%25E7%25B5%25B1%25E5%2590%2588-box-ui-elements%25E3%2581%25A8react-18%25E3%2581%25AE%25E4%25BA%2592%25E6%258F%259B%25E6%2580%25A7-21086601cce3,1,INTERNAL,,,,,,,,POST,,,,,Box UI Elements、React、Tailwind CSS、Vercelを使用したコンテンツポータルの作成 (パート1),5c489a4342f7,2024-06-27T04:59:29
230d71fd155e,Unidentified feed reader,1,RSS,,,,,,,,,,,,,Box UI Elements、React、Tailwind CSS、Vercelを使用したコンテンツポータルの作成 (パート1),5c489a4342f7,2024-06-27T04:59:29
569dd8f37d99,medium.com/box-developer-japan-blog,3,INTERNAL,,,,,,,,POST,,,,,Box Sign: カスタム通知と新しいWebhook,5c489a4342f7,2024-06-21T03:16:46
569dd8f37d99,medium.com/box-developer-japan-blog/latest,2,INTERNAL,,,,,,,,COLLECTION,,,,,Box Sign: カスタム通知と新しいWebhook,5c489a4342f7,2024-06-21T03:16:46
569dd8f37d99,medium.com/box-developer-japan-blog/search,1,INTERNAL,,,,,,,,POST,,,,,Box Sign: カスタム通知と新しいWebhook,5c489a4342f7,2024-06-21T03:16:46
569dd8f37d99,direct,1,DIRECT,,,,,,,,,,,,,Box Sign: カスタム通知と新しいWebhook,5c489a4342f7,2024-06-21T03:16:46
569dd8f37d99,Unidentified feed reader,1,RSS,,,,,,,,,,,,,Box Sign: カスタム通知と新しいWebhook,5c489a4342f7,2024-06-21T03:16:46
569dd8f37d99,medium.com/@ytaniguchi,1,INTERNAL,,,,,,,,POST,,,,,Box Sign: カスタム通知と新しいWebhook,5c489a4342f7,2024-06-21T03:16:46
ef72eee3b2a7,google.com,12,SEARCH,,,,,,,,,,,google.com,[],コンテンツプレビューUI Element: Box AIによるユーザーエクスペリエンスの強化,5c489a4342f7,2024-06-12T21:58:19
ef72eee3b2a7,medium.com/box-developer-japan-blog,5,INTERNAL,,,,,,,,POST,,,,,コンテンツプレビューUI Element: Box AIによるユーザーエクスペリエンスの強化,5c489a4342f7,2024-06-12T21:58:19
ef72eee3b2a7,www.bing.com,3,SEARCH,,,,,,,,,,,www.bing.com,[],コンテンツプレビューUI Element: Box AIによるユーザーエクスペリエンスの強化,5c489a4342f7,2024-06-12T21:58:19
ef72eee3b2a7,direct,2,DIRECT,,,,,,,,,,,,,コンテンツプレビューUI Element: Box AIによるユーザーエクスペリエンスの強化,5c489a4342f7,2024-06-12T21:58:19
ef72eee3b2a7,medium.com,2,INTERNAL,,,,,,,,POST,,,,,コンテンツプレビューUI Element: Box AIによるユーザーエクスペリエンスの強化,5c489a4342f7,2024-06-12T21:58:19
ef72eee3b2a7,medium.com/@ytaniguchi,2,INTERNAL,,,,,,,,POST,,,,,コンテンツプレビューUI Element: Box AIによるユーザーエクスペリエンスの強化,5c489a4342f7,2024-06-12T21:58:19
ef72eee3b2a7,Unidentified feed reader,1,RSS,,,,,,,,,,,,,コンテンツプレビューUI Element: Box AIによるユーザーエクスペリエンスの強化,5c489a4342f7,2024-06-12T21:58:19
ef72eee3b2a7,medium.com/box-developer-japan-blog/box-platform%25E9%2596%258B%25E7%2599%25BA%25E8%2580%2585%25E3%2582%25A8%25E3%2582%25B3%25E3%2582%25B7%25E3%2582%25B9%25E3%2583%2586%25E3%2583%25A0%25E3%2581%25AE%25E3%2581%2594%25E6%25A1%2588%25E5%2586%2585-6ac1e1070143,1,INTERNAL,,,,,,,,POST,,,,,コンテンツプレビューUI Element: Box AIによるユーザーエクスペリエンスの強化,5c489a4342f7,2024-06-12T21:58:19
ef72eee3b2a7,medium.com/box-developer-japan-blog/archive/2024/06,1,INTERNAL,,,,,,,,POST,,,,,コンテンツプレビューUI Element: Box AIによるユーザーエクスペリエンスの強化,5c489a4342f7,2024-06-12T21:58:19
ef72eee3b2a7,medium.com/box-developer-japan-blog/latest,1,INTERNAL,,,,,,,,POST,,,,,コンテンツプレビューUI Element: Box AIによるユーザーエクスペリエンスの強化,5c489a4342f7,2024-06-12T21:58:19
0f2d3895844b,google.com,44,SEARCH,,,,,,,,,,,google.com,[],フォルダツリーレポートについて,5c489a4342f7,2024-06-12T21:07:53
0f2d3895844b,www.bing.com,12,SEARCH,,,,,,,,,,,www.bing.com,[],フォルダツリーレポートについて,5c489a4342f7,2024-06-12T21:07:53
0f2d3895844b,direct,8,DIRECT,,,,,,,,,,,,,フォルダツリーレポートについて,5c489a4342f7,2024-06-12T21:07:53
0f2d3895844b,medium.com/box-developer-japan-blog,6,INTERNAL,,,,,,,,POST,,,,,フォルダツリーレポートについて,5c489a4342f7,2024-06-12T21:07:53
0f2d3895844b,medium.com/@ytaniguchi,4,INTERNAL,,,,,,,,POST,,,,,フォルダツリーレポートについて,5c489a4342f7,2024-06-12T21:07:53
0f2d3895844b,search.yahoo.co.jp,3,SITE,,,,,,,,,https://search.yahoo.co.jp/,,,,フォルダツリーレポートについて,5c489a4342f7,2024-06-12T21:07:53
0f2d3895844b,medium.com/box-developer-japan-blog/box-python-sdk-3%E5%88%86%E3%81%A7%E3%82%BC%E3%83%AD%E3%81%8B%E3%82%89%E6%9C%80%E5%88%9D%E3%81%AE%E3%83%AA%E3%82%AF%E3%82%A8%E3%82%B9%E3%83%88%E3%82%92%E8%A1%8C%E3%81%86%E3%81%BE%E3%81%A7-dd54727500e2,2,INTERNAL,,,,,,,,POST,,,,,フォルダツリーレポートについて,5c489a4342f7,2024-06-12T21:07:53
0f2d3895844b,medium.com/box-developer-japan-blog/box-ai%E3%82%92%E4%BD%BF%E7%94%A8%E3%81%97%E3%81%9F%E6%A7%8B%E9%80%A0%E5%8C%96%E3%83%87%E3%83%BC%E3%82%BF%E3%81%AE%E6%8A%BD%E5%87%BA-7a5e48584984,1,INTERNAL,,,,,,,,POST,,,,,フォルダツリーレポートについて,5c489a4342f7,2024-06-12T21:07:53
0f2d3895844b,login.microsoftonline.com,1,SITE,,,,,,,,,https://login.microsoftonline.com/,,,,フォルダツリーレポートについて,5c489a4342f7,2024-06-12T21:07:53
0f2d3895844b,medium.com/box-developer-japan-blog/%E6%96%B0%E3%81%97%E3%81%84box-net-sdk%E3%81%AE%E4%BD%BF%E7%94%A8-17a51df64e00,1,INTERNAL,,,,,,,,POST,,,,,フォルダツリーレポートについて,5c489a4342f7,2024-06-12T21:07:53
0f2d3895844b,Unidentified feed reader,1,RSS,,,,,,,,,,,,,フォルダツリーレポートについて,5c489a4342f7,2024-06-12T21:07:53
0f2d3895844b,medium.com/box-developer-japan-blog/latest,1,INTERNAL,,,,,,,,COLLECTION,,,,,フォルダツリーレポートについて,5c489a4342f7,2024-06-12T21:07:53
48f9448467ca,google.com,9,SEARCH,,,,,,,,,,,google.com,[],新世代のBox Python SDKおよびBox TS SDKの安定版リリースとBox AI,5c489a4342f7,2024-06-03T00:34:56
48f9448467ca,direct,6,DIRECT,,,,,,,,,,,,,新世代のBox Python SDKおよびBox TS SDKの安定版リリースとBox AI,5c489a4342f7,2024-06-03T00:34:56
48f9448467ca,www.bing.com,5,SEARCH,,,,,,,,,,,www.bing.com,[],新世代のBox Python SDKおよびBox TS SDKの安定版リリースとBox AI,5c489a4342f7,2024-06-03T00:34:56
48f9448467ca,medium.com/box-developer-japan-blog,4,INTERNAL,,,,,,,,POST,,,,,新世代のBox Python SDKおよびBox TS SDKの安定版リリースとBox AI,5c489a4342f7,2024-06-03T00:34:56
48f9448467ca,medium.com/@ytaniguchi,3,INTERNAL,,,,,,,,POST,,,,,新世代のBox Python SDKおよびBox TS SDKの安定版リリースとBox AI,5c489a4342f7,2024-06-03T00:34:56
48f9448467ca,Android device (not Medium app),3,SITE,,,,,,,,,android-app://com.google.android.googlequicksearchbox/,,,,新世代のBox Python SDKおよびBox TS SDKの安定版リリースとBox AI,5c489a4342f7,2024-06-03T00:34:56
48f9448467ca,medium.com/box-developer-japan-blog/latest,2,INTERNAL,,,,,,,,COLLECTION,,,,,新世代のBox Python SDKおよびBox TS SDKの安定版リリースとBox AI,5c489a4342f7,2024-06-03T00:34:56
48f9448467ca,Unidentified feed reader,1,RSS,,,,,,,,,,,,,新世代のBox Python SDKおよびBox TS SDKの安定版リリースとBox AI,5c489a4342f7,2024-06-03T00:34:56
e506cb7f1a2a,google.com,18,SEARCH,,,,,,,,,,,google.com,[],Box Signの新機能による高度なワークフローのカスタマイズ,5c489a4342f7,2024-06-03T00:24:54
e506cb7f1a2a,medium.com/box-developer-japan-blog,6,INTERNAL,,,,,,,,POST,,,,,Box Signの新機能による高度なワークフローのカスタマイズ,5c489a4342f7,2024-06-03T00:24:54
e506cb7f1a2a,www.bing.com,3,SEARCH,,,,,,,,,,,www.bing.com,[],Box Signの新機能による高度なワークフローのカスタマイズ,5c489a4342f7,2024-06-03T00:24:54
e506cb7f1a2a,direct,2,DIRECT,,,,,,,,,,,,,Box Signの新機能による高度なワークフローのカスタマイズ,5c489a4342f7,2024-06-03T00:24:54
e506cb7f1a2a,search.yahoo.co.jp,1,SITE,,,,,,,,,https://search.yahoo.co.jp/,,,,Box Signの新機能による高度なワークフローのカスタマイズ,5c489a4342f7,2024-06-03T00:24:54
e506cb7f1a2a,Unidentified feed reader,1,RSS,,,,,,,,,,,,,Box Signの新機能による高度なワークフローのカスタマイズ,5c489a4342f7,2024-06-03T00:24:54
781d73719718,direct,23,DIRECT,,,,,,,,,,,,,バージョン管理の導入: Box API開発のマイルストーン,5c489a4342f7,2024-05-27T23:15:44
781d73719718,google.com,10,SEARCH,,,,,,,,,,,google.com,[],バージョン管理の導入: Box API開発のマイルストーン,5c489a4342f7,2024-05-27T23:15:44
781d73719718,medium.com/@ytaniguchi,6,INTERNAL,,,,,,,,PROFILE,,,,,バージョン管理の導入: Box API開発のマイルストーン,5c489a4342f7,2024-05-27T23:15:44
781d73719718,Medium emails and notifications,2,INTERNAL,,,,,,,,EMAIL,,,,,バージョン管理の導入: Box API開発のマイルストーン,5c489a4342f7,2024-05-27T23:15:44
781d73719718,www.bing.com,2,SEARCH,,,,,,,,,,,www.bing.com,[],バージョン管理の導入: Box API開発のマイルストーン,5c489a4342f7,2024-05-27T23:15:44
781d73719718,medium.com,1,INTERNAL,,,,,,,,HOMEPAGE,,,,,バージョン管理の導入: Box API開発のマイルストーン,5c489a4342f7,2024-05-27T23:15:44
781d73719718,Unidentified feed reader,1,RSS,,,,,,,,,,,,,バージョン管理の導入: Box API開発のマイルストーン,5c489a4342f7,2024-05-27T23:15:44
f5647e888f15,google.com,47,SEARCH,,,,,,,,,,,google.com,[],[新機能] Box AI APIとDeveloper Zoneのパブリックベータ版,5c489a4342f7,2024-05-13T23:21:44
f5647e888f15,direct,11,DIRECT,,,,,,,,,,,,,[新機能] Box AI APIとDeveloper Zoneのパブリックベータ版,5c489a4342f7,2024-05-13T23:21:44
f5647e888f15,medium.com/box-developer-japan-blog,6,INTERNAL,,,,,,,,POST,,,,,[新機能] Box AI APIとDeveloper Zoneのパブリックベータ版,5c489a4342f7,2024-05-13T23:21:44
f5647e888f15,medium.com/@ytaniguchi,3,INTERNAL,,,,,,,,POST,,,,,[新機能] Box AI APIとDeveloper Zoneのパブリックベータ版,5c489a4342f7,2024-05-13T23:21:44
f5647e888f15,medium.compub_entity/d4dda281ea02,2,INTERNAL,,,,,,,,POST,,,,,[新機能] Box AI APIとDeveloper Zoneのパブリックベータ版,5c489a4342f7,2024-05-13T23:21:44
f5647e888f15,hitachigroup.okta.com,2,SITE,,,,,,,,,https://hitachigroup.okta.com/,,,,[新機能] Box AI APIとDeveloper Zoneのパブリックベータ版,5c489a4342f7,2024-05-13T23:21:44
f5647e888f15,medium.com,1,INTERNAL,,,,,,,,HOMEPAGE,,,,,[新機能] Box AI APIとDeveloper Zoneのパブリックベータ版,5c489a4342f7,2024-05-13T23:21:44
f5647e888f15,www.bing.com,1,SEARCH,,,,,,,,,,,www.bing.com,[],[新機能] Box AI APIとDeveloper Zoneのパブリックベータ版,5c489a4342f7,2024-05-13T23:21:44
f5647e888f15,Unidentified feed reader,1,RSS,,,,,,,,,,,,,[新機能] Box AI APIとDeveloper Zoneのパブリックベータ版,5c489a4342f7,2024-05-13T23:21:44
7c4364488b4f,google.com,5,SEARCH,,,,,,,,,,,google.com,[],Box.orgのためのBox Platformの使用について,5c489a4342f7,2024-05-10T09:32:10
7c4364488b4f,Medium emails and notifications,4,INTERNAL,,,,,,,,EMAIL,,,,,Box.orgのためのBox Platformの使用について,5c489a4342f7,2024-05-10T09:32:10
7c4364488b4f,direct,4,DIRECT,,,,,,,,,,,,,Box.orgのためのBox Platformの使用について,5c489a4342f7,2024-05-10T09:32:10
7c4364488b4f,medium.com/box-developer-japan-blog,2,INTERNAL,,,,,,,,POST,,,,,Box.orgのためのBox Platformの使用について,5c489a4342f7,2024-05-10T09:32:10
7c4364488b4f,medium.com/@ytaniguchi,2,INTERNAL,,,,,,,,POST,,,,,Box.orgのためのBox Platformの使用について,5c489a4342f7,2024-05-10T09:32:10
7c4364488b4f,Unidentified feed reader,1,RSS,,,,,,,,,,,,,Box.orgのためのBox Platformの使用について,5c489a4342f7,2024-05-10T09:32:10
7c4364488b4f,medium.com/box-developer-japan-blog/latest,1,INTERNAL,,,,,,,,COLLECTION,,,,,Box.orgのためのBox Platformの使用について,5c489a4342f7,2024-05-10T09:32:10
fda42ffb6d3c,google.com,119,SEARCH,,,,,,,,,,,google.com,[],GCP Cloud FunctionsとBoxのWebhookの使用,5c489a4342f7,2024-04-10T23:00:27
fda42ffb6d3c,direct,32,DIRECT,,,,,,,,,,,,,GCP Cloud FunctionsとBoxのWebhookの使用,5c489a4342f7,2024-04-10T23:00:27
fda42ffb6d3c,www.bing.com,8,SEARCH,,,,,,,,,,,www.bing.com,[],GCP Cloud FunctionsとBoxのWebhookの使用,5c489a4342f7,2024-04-10T23:00:27
fda42ffb6d3c,medium.com/@ytaniguchi,6,INTERNAL,,,,,,,,POST,,,,,GCP Cloud FunctionsとBoxのWebhookの使用,5c489a4342f7,2024-04-10T23:00:27
fda42ffb6d3c,medium.com/box-developer-japan-blog,5,INTERNAL,,,,,,,,POST,,,,,GCP Cloud FunctionsとBoxのWebhookの使用,5c489a4342f7,2024-04-10T23:00:27
fda42ffb6d3c,Medium emails and notifications,2,INTERNAL,,,,,,,,EMAIL,,,,,GCP Cloud FunctionsとBoxのWebhookの使用,5c489a4342f7,2024-04-10T23:00:27
fda42ffb6d3c,search.yahoo.co.jp,2,SITE,,,,,,,,,https://search.yahoo.co.jp/,,,,GCP Cloud FunctionsとBoxのWebhookの使用,5c489a4342f7,2024-04-10T23:00:27
fda42ffb6d3c,medium.com/box-developer-japan-blog/latest,2,INTERNAL,,,,,,,,POST,,,,,GCP Cloud FunctionsとBoxのWebhookの使用,5c489a4342f7,2024-04-10T23:00:27
fda42ffb6d3c,Unidentified feed reader,1,RSS,,,,,,,,,,,,,GCP Cloud FunctionsとBoxのWebhookの使用,5c489a4342f7,2024-04-10T23:00:27
fda42ffb6d3c,gicloud-inc.atlassian.net,1,SITE,,,,,,,,,https://gicloud-inc.atlassian.net/,,,,GCP Cloud FunctionsとBoxのWebhookの使用,5c489a4342f7,2024-04-10T23:00:27
fda42ffb6d3c,medium.com,1,INTERNAL,,,,,,,,POST,,,,,GCP Cloud FunctionsとBoxのWebhookの使用,5c489a4342f7,2024-04-10T23:00:27
4db71ed2dcee,google.com,31,SEARCH,,,,,,,,,,,google.com,[],Vercelを使用したBoxウェブアプリ統合の作成,5c489a4342f7,2024-04-09T20:20:05
4db71ed2dcee,medium.com/box-developer-japan-blog,3,INTERNAL,,,,,,,,POST,,,,,Vercelを使用したBoxウェブアプリ統合の作成,5c489a4342f7,2024-04-09T20:20:05
4db71ed2dcee,direct,2,DIRECT,,,,,,,,,,,,,Vercelを使用したBoxウェブアプリ統合の作成,5c489a4342f7,2024-04-09T20:20:05
4db71ed2dcee,www.bing.com,2,SEARCH,,,,,,,,,,,www.bing.com,[],Vercelを使用したBoxウェブアプリ統合の作成,5c489a4342f7,2024-04-09T20:20:05
4db71ed2dcee,medium.com/@ytaniguchi,2,INTERNAL,,,,,,,,POST,,,,,Vercelを使用したBoxウェブアプリ統合の作成,5c489a4342f7,2024-04-09T20:20:05
4db71ed2dcee,search.yahoo.co.jp,1,SITE,,,,,,,,,https://search.yahoo.co.jp/,,,,Vercelを使用したBoxウェブアプリ統合の作成,5c489a4342f7,2024-04-09T20:20:05
4db71ed2dcee,Unidentified feed reader,1,RSS,,,,,,,,,,,,,Vercelを使用したBoxウェブアプリ統合の作成,5c489a4342f7,2024-04-09T20:20:05
4db71ed2dcee,medium.com/box-developer-japan-blog/latest,1,INTERNAL,,,,,,,,POST,,,,,Vercelを使用したBoxウェブアプリ統合の作成,5c489a4342f7,2024-04-09T20:20:05
d70f0920c9bb,google.com,30,SEARCH,,,,,,,,,,,google.com,[],Pythonワークショップ: Box AI API,5c489a4342f7,2024-04-09T01:36:46
d70f0920c9bb,www.bing.com,7,SEARCH,,,,,,,,,,,www.bing.com,[],Pythonワークショップ: Box AI API,5c489a4342f7,2024-04-09T01:36:46
d70f0920c9bb,medium.com/box-developer-japan-blog,5,INTERNAL,,,,,,,,POST,,,,,Pythonワークショップ: Box AI API,5c489a4342f7,2024-04-09T01:36:46
d70f0920c9bb,direct,4,DIRECT,,,,,,,,,,,,,Pythonワークショップ: Box AI API,5c489a4342f7,2024-04-09T01:36:46
d70f0920c9bb,medium.com/@ytaniguchi,3,INTERNAL,,,,,,,,POST,,,,,Pythonワークショップ: Box AI API,5c489a4342f7,2024-04-09T01:36:46
d70f0920c9bb,Medium emails and notifications,2,INTERNAL,,,,,,,,EMAIL,,,,,Pythonワークショップ: Box AI API,5c489a4342f7,2024-04-09T01:36:46
d70f0920c9bb,Unidentified feed reader,1,RSS,,,,,,,,,,,,,Pythonワークショップ: Box AI API,5c489a4342f7,2024-04-09T01:36:46
d70f0920c9bb,Android device (not Medium app),1,SITE,,,,,,,,,android-app://com.google.android.googlequicksearchbox/,,,,Pythonワークショップ: Box AI API,5c489a4342f7,2024-04-09T01:36:46
d70f0920c9bb,medium.com/box-developer-japan-blog/python%E3%82%92%E4%BD%BF%E7%94%A8%E3%81%97%E3%81%A6box%E3%81%AB%E3%82%B3%E3%83%B3%E3%83%86%E3%83%B3%E3%83%84%E3%82%92%E3%82%A2%E3%83%83%E3%83%97%E3%83%AD%E3%83%BC%E3%83%89%E3%81%99%E3%82%8B3%E3%81%A4%E3%81%AE%E6%96%B9%E6%B3%95-db0e26ec3d74,1,INTERNAL,,,,,,,,POST,,,,,Pythonワークショップ: Box AI API,5c489a4342f7,2024-04-09T01:36:46
d70f0920c9bb,hitachigroup.okta.com,1,SITE,,,,,,,,,https://hitachigroup.okta.com/,,,,Pythonワークショップ: Box AI API,5c489a4342f7,2024-04-09T01:36:46
426168222ebd,direct,68,DIRECT,,,,,,,,,,,,,Box File Picker UI Elementのサポート終了,5c489a4342f7,2024-03-27T03:55:36
426168222ebd,google.com,50,SEARCH,,,,,,,,,,,google.com,[],Box File Picker UI Elementのサポート終了,5c489a4342f7,2024-03-27T03:55:36
426168222ebd,medium.com/box-developer-japan-blog,7,INTERNAL,,,,,,,,COLLECTION,,,,,Box File Picker UI Elementのサポート終了,5c489a4342f7,2024-03-27T03:55:36
426168222ebd,www.bing.com,7,SEARCH,,,,,,,,,,,www.bing.com,[],Box File Picker UI Elementのサポート終了,5c489a4342f7,2024-03-27T03:55:36
426168222ebd,search.yahoo.co.jp,4,SITE,,,,,,,,,https://search.yahoo.co.jp/,,,,Box File Picker UI Elementのサポート終了,5c489a4342f7,2024-03-27T03:55:36
426168222ebd,medium.com,3,INTERNAL,,,,,,,,POST,,,,,Box File Picker UI Elementのサポート終了,5c489a4342f7,2024-03-27T03:55:36
426168222ebd,linkedin.com,2,PLATFORM,,,,LINKEDIN,,,,,,,,,Box File Picker UI Elementのサポート終了,5c489a4342f7,2024-03-27T03:55:36
426168222ebd,Android device (not Medium app),2,SITE,,,,,,,,,android-app://com.slack/,,,,Box File Picker UI Elementのサポート終了,5c489a4342f7,2024-03-27T03:55:36
426168222ebd,medium.com/box-developer-japan-blog/latest,2,INTERNAL,,,,,,,,COLLECTION,,,,,Box File Picker UI Elementのサポート終了,5c489a4342f7,2024-03-27T03:55:36
426168222ebd,facebook.com,2,PLATFORM,,,,FACEBOOK,,,,,,,,,Box File Picker UI Elementのサポート終了,5c489a4342f7,2024-03-27T03:55:36
426168222ebd,192.168.100.249,1,SITE,,,,,,,,,http://192.168.100.249/wp/7580/box32/,,,,Box File Picker UI Elementのサポート終了,5c489a4342f7,2024-03-27T03:55:36
17a51df64e00,google.com,421,SEARCH,,,,,,,,,,,google.com,[],新しいBox .NET SDKの使用,5c489a4342f7,2024-03-27T03:03:48
17a51df64e00,www.bing.com,71,SEARCH,,,,,,,,,,,www.bing.com,[],新しいBox .NET SDKの使用,5c489a4342f7,2024-03-27T03:03:48
17a51df64e00,direct,58,DIRECT,,,,,,,,,,,,,新しいBox .NET SDKの使用,5c489a4342f7,2024-03-27T03:03:48
17a51df64e00,medium.com,29,INTERNAL,,,,,,,,HOMEPAGE,,,,,新しいBox .NET SDKの使用,5c489a4342f7,2024-03-27T03:03:48
17a51df64e00,medium.com/box-developer-japan-blog,25,INTERNAL,,,,,,,,COLLECTION,,,,,新しいBox .NET SDKの使用,5c489a4342f7,2024-03-27T03:03:48
17a51df64e00,search.yahoo.co.jp,21,SITE,,,,,,,,,https://search.yahoo.co.jp/,,,,新しいBox .NET SDKの使用,5c489a4342f7,2024-03-27T03:03:48
17a51df64e00,weekref.net,11,SITE,,,,,,,,,https://weekref.net/,,,,新しいBox .NET SDKの使用,5c489a4342f7,2024-03-27T03:03:48
17a51df64e00,duckduckgo.com,2,SITE,,,,,,,,,https://duckduckgo.com/,,,,新しいBox .NET SDKの使用,5c489a4342f7,2024-03-27T03:03:48
17a51df64e00,Unidentified feed reader,1,RSS,,,,,,,,,,,,,新しいBox .NET SDKの使用,5c489a4342f7,2024-03-27T03:03:48
f635a506864c,google.com,91,SEARCH,,,,,,,,,,,google.com,[],Box + Salesforce: メタデータを使用したフロー,5c489a4342f7,2024-03-14T01:49:21
f635a506864c,direct,16,DIRECT,,,,,,,,,,,,,Box + Salesforce: メタデータを使用したフロー,5c489a4342f7,2024-03-14T01:49:21
f635a506864c,medium.com/box-developer-japan-blog,11,INTERNAL,,,,,,,,COLLECTION,,,,,Box + Salesforce: メタデータを使用したフロー,5c489a4342f7,2024-03-14T01:49:21
f635a506864c,medium.com/@ytaniguchi,6,INTERNAL,,,,,,,,POST,,,,,Box + Salesforce: メタデータを使用したフロー,5c489a4342f7,2024-03-14T01:49:21
f635a506864c,medium.com,6,INTERNAL,,,,,,,,HOMEPAGE,,,,,Box + Salesforce: メタデータを使用したフロー,5c489a4342f7,2024-03-14T01:49:21
f635a506864c,www.bing.com,4,SEARCH,,,,,,,,,,,www.bing.com,[],Box + Salesforce: メタデータを使用したフロー,5c489a4342f7,2024-03-14T01:49:21
f635a506864c,Medium emails and notifications,2,INTERNAL,,,,,,,,EMAIL,,,,,Box + Salesforce: メタデータを使用したフロー,5c489a4342f7,2024-03-14T01:49:21
f635a506864c,jp.inoreader.com,1,SITE,,,,,,,,,https://jp.inoreader.com/,,,,Box + Salesforce: メタデータを使用したフロー,5c489a4342f7,2024-03-14T01:49:21
f635a506864c,search.yahoo.co.jp,1,SITE,,,,,,,,,https://search.yahoo.co.jp/,,,,Box + Salesforce: メタデータを使用したフロー,5c489a4342f7,2024-03-14T01:49:21
f635a506864c,Unidentified feed reader,1,RSS,,,,,,,,,,,,,Box + Salesforce: メタデータを使用したフロー,5c489a4342f7,2024-03-14T01:49:21
f635a506864c,hitachigroup.okta.com,1,SITE,,,,,,,,,https://hitachigroup.okta.com/,,,,Box + Salesforce: メタデータを使用したフロー,5c489a4342f7,2024-03-14T01:49:21
3914dd42d483,google.com,84,SEARCH,,,,,,,,,,,google.com,[],Box AIによるメタデータ抽出,5c489a4342f7,2024-03-05T21:04:21
3914dd42d483,direct,72,DIRECT,,,,,,,,,,,,,Box AIによるメタデータ抽出,5c489a4342f7,2024-03-05T21:04:21
3914dd42d483,medium.com/box-developer-japan-blog,13,INTERNAL,,,,,,,,COLLECTION,,,,,Box AIによるメタデータ抽出,5c489a4342f7,2024-03-05T21:04:21
3914dd42d483,www.bing.com,12,SEARCH,,,,,,,,,,,www.bing.com,[],Box AIによるメタデータ抽出,5c489a4342f7,2024-03-05T21:04:21
3914dd42d483,medium.com/box-developer-japan-blog/latest,10,INTERNAL,,,,,,,,COLLECTION,,,,,Box AIによるメタデータ抽出,5c489a4342f7,2024-03-05T21:04:21
3914dd42d483,medium.com/box-developer-japan-blog/box-ai%25E3%2582%2592%25E4%25BD%25BF%25E7%2594%25A8%25E3%2581%2597%25E3%2581%259F%25E6%25A7%258B%25E9%2580%25A0%25E5%258C%2596%25E3%2583%2587%25E3%2583%25BC%25E3%2582%25BF%25E3%2581%25AE%25E6%258A%25BD%25E5%2587%25BA-7a5e48584984,9,INTERNAL,,,,,,,,POST,,,,,Box AIによるメタデータ抽出,5c489a4342f7,2024-03-05T21:04:21
3914dd42d483,medium.com,8,INTERNAL,,,,,,,,EMAIL,,,,,Box AIによるメタデータ抽出,5c489a4342f7,2024-03-05T21:04:21
3914dd42d483,medium.com/@ytaniguchi,5,INTERNAL,,,,,,,,POST,,,,,Box AIによるメタデータ抽出,5c489a4342f7,2024-03-05T21:04:21
3914dd42d483,search.yahoo.co.jp,3,SITE,,,,,,,,,https://search.yahoo.co.jp/,,,,Box AIによるメタデータ抽出,5c489a4342f7,2024-03-05T21:04:21
3914dd42d483,facebook.com,3,PLATFORM,,,,FACEBOOK,,,,,,,,,Box AIによるメタデータ抽出,5c489a4342f7,2024-03-05T21:04:21
3914dd42d483,medium-com.translate.goog,2,SITE,,,,,,,,,https://medium-com.translate.goog/box-developer-japan-blog/box-ai%25E3%2581%25AB%25E3%2582%2588%25E3%2582%258B%25E3%2583%25A1%25E3%2582%25BF%25E3%2583%2587%25E3%2583%25BC%25E3%2582%25BF%25E6%258A%25BD%25E5%2587%25BA-3914dd42d483?_x_tr_sl=ja&_x_tr_tl=en&_x_tr_hl=en&_x_tr_pto=wapp&_x_tr_hist=true,,,,Box AIによるメタデータ抽出,5c489a4342f7,2024-03-05T21:04:21
3914dd42d483,ja.developer.box.com,2,SITE,,,,,,,,,https://ja.developer.box.com/,,,,Box AIによるメタデータ抽出,5c489a4342f7,2024-03-05T21:04:21
3914dd42d483,statics.teams.cdn.office.net,2,SITE,,,,,,,,,https://statics.teams.cdn.office.net/,,,,Box AIによるメタデータ抽出,5c489a4342f7,2024-03-05T21:04:21
3914dd42d483,lens.google.com,1,SITE,,,,,,,,,https://lens.google.com/,,,,Box AIによるメタデータ抽出,5c489a4342f7,2024-03-05T21:04:21
3914dd42d483,l.workplace.com,1,SITE,,,,,,,,,https://l.workplace.com/,,,,Box AIによるメタデータ抽出,5c489a4342f7,2024-03-05T21:04:21
3914dd42d483,Unidentified feed reader,1,RSS,,,,,,,,,,,,,Box AIによるメタデータ抽出,5c489a4342f7,2024-03-05T21:04:21
8a1a14cfb8cd,google.com,20,SEARCH,,,,,,,,,,,google.com,[],デジタルクリーンアップデーとBox API,5c489a4342f7,2024-02-29T00:24:00
8a1a14cfb8cd,direct,9,DIRECT,,,,,,,,,,,,,デジタルクリーンアップデーとBox API,5c489a4342f7,2024-02-29T00:24:00
8a1a14cfb8cd,medium.com/box-developer-japan-blog,6,INTERNAL,,,,,,,,POST,,,,,デジタルクリーンアップデーとBox API,5c489a4342f7,2024-02-29T00:24:00
8a1a14cfb8cd,Medium emails and notifications,4,INTERNAL,,,,,,,,EMAIL,,,,,デジタルクリーンアップデーとBox API,5c489a4342f7,2024-02-29T00:24:00
8a1a14cfb8cd,medium.com/@ytaniguchi,2,INTERNAL,,,,,,,,POST,,,,,デジタルクリーンアップデーとBox API,5c489a4342f7,2024-02-29T00:24:00
8a1a14cfb8cd,medium.com,1,INTERNAL,,,,,,,,POST,,,,,デジタルクリーンアップデーとBox API,5c489a4342f7,2024-02-29T00:24:00
8a1a14cfb8cd,Unidentified feed reader,1,RSS,,,,,,,,,,,,,デジタルクリーンアップデーとBox API,5c489a4342f7,2024-02-29T00:24:00
2074be770384,google.com,10,SEARCH,,,,,,,,,,,google.com,[],開発者向けBox Sign専用リソースページのリリースのお知らせ,5c489a4342f7,2024-02-28T22:32:00
2074be770384,direct,6,DIRECT,,,,,,,,,,,,,開発者向けBox Sign専用リソースページのリリースのお知らせ,5c489a4342f7,2024-02-28T22:32:00
2074be770384,medium.com/box-developer-japan-blog,4,INTERNAL,,,,,,,,POST,,,,,開発者向けBox Sign専用リソースページのリリースのお知らせ,5c489a4342f7,2024-02-28T22:32:00
2074be770384,medium.com/@ytaniguchi,3,INTERNAL,,,,,,,,POST,,,,,開発者向けBox Sign専用リソースページのリリースのお知らせ,5c489a4342f7,2024-02-28T22:32:00
2074be770384,Unidentified feed reader,1,RSS,,,,,,,,,,,,,開発者向けBox Sign専用リソースページのリリースのお知らせ,5c489a4342f7,2024-02-28T22:32:00
2074be770384,medium.com/box-developer-japan-blog/latest,1,INTERNAL,,,,,,,,POST,,,,,開発者向けBox Sign専用リソースページのリリースのお知らせ,5c489a4342f7,2024-02-28T22:32:00
9d08c501de4f,google.com,538,SEARCH,,,,,,,,,,,google.com,[],無料のBox Developerアカウントの利用再開のお知らせ,5c489a4342f7,2024-02-19T02:47:29
9d08c501de4f,direct,106,DIRECT,,,,,,,,,,,,,無料のBox Developerアカウントの利用再開のお知らせ,5c489a4342f7,2024-02-19T02:47:29
9d08c501de4f,www.bing.com,28,SEARCH,,,,,,,,,,,www.bing.com,[],無料のBox Developerアカウントの利用再開のお知らせ,5c489a4342f7,2024-02-19T02:47:29
9d08c501de4f,medium.com/box-developer-japan-blog,21,INTERNAL,,,,,,,,POST,,,,,無料のBox Developerアカウントの利用再開のお知らせ,5c489a4342f7,2024-02-19T02:47:29
9d08c501de4f,search.yahoo.co.jp,19,SITE,,,,,,,,,https://search.yahoo.co.jp/,,,,無料のBox Developerアカウントの利用再開のお知らせ,5c489a4342f7,2024-02-19T02:47:29
9d08c501de4f,medium.com,17,INTERNAL,,,,,,,,PROFILE,,,,,無料のBox Developerアカウントの利用再開のお知らせ,5c489a4342f7,2024-02-19T02:47:29
9d08c501de4f,statics.teams.cdn.office.net,4,SITE,,,,,,,,,https://statics.teams.cdn.office.net/,,,,無料のBox Developerアカウントの利用再開のお知らせ,5c489a4342f7,2024-02-19T02:47:29
9d08c501de4f,websearch.rakuten.co.jp,4,SITE,,,,,,,,,https://websearch.rakuten.co.jp/,,,,無料のBox Developerアカウントの利用再開のお知らせ,5c489a4342f7,2024-02-19T02:47:29
9d08c501de4f,10.68.30.201:81,3,SITE,,,,,,,,,http://10.68.30.201:81/,,,,無料のBox Developerアカウントの利用再開のお知らせ,5c489a4342f7,2024-02-19T02:47:29
9d08c501de4f,Android device (not Medium app),3,SITE,,,,,,,,,android-app://com.slack/,,,,無料のBox Developerアカウントの利用再開のお知らせ,5c489a4342f7,2024-02-19T02:47:29
9d08c501de4f,tocaro.im,2,SITE,,,,,,,,,https://tocaro.im/,,,,無料のBox Developerアカウントの利用再開のお知らせ,5c489a4342f7,2024-02-19T02:47:29
9d08c501de4f,Unidentified feed reader,1,RSS,,,,,,,,,,,,,無料のBox Developerアカウントの利用再開のお知らせ,5c489a4342f7,2024-02-19T02:47:29
2adc7d13be8b,google.com,9,SEARCH,,,,,,,,,,,google.com,[],Box Pythonの次世代SDK: 電子すかし,5c489a4342f7,2024-02-08T01:29:30
2adc7d13be8b,medium.com/box-developer-japan-blog,5,INTERNAL,,,,,,,,POST,,,,,Box Pythonの次世代SDK: 電子すかし,5c489a4342f7,2024-02-08T01:29:30
2adc7d13be8b,direct,4,DIRECT,,,,,,,,,,,,,Box Pythonの次世代SDK: 電子すかし,5c489a4342f7,2024-02-08T01:29:30
2adc7d13be8b,medium.com/@ytaniguchi,3,INTERNAL,,,,,,,,PROFILE,,,,,Box Pythonの次世代SDK: 電子すかし,5c489a4342f7,2024-02-08T01:29:30
2adc7d13be8b,medium.com/box-developer-japan-blog/latest,1,INTERNAL,,,,,,,,POST,,,,,Box Pythonの次世代SDK: 電子すかし,5c489a4342f7,2024-02-08T01:29:30
aa6ff011df87,google.com,34,SEARCH,,,,,,,,,,,google.com,[],Box Content Explorerのメタデータビュー,5c489a4342f7,2024-02-07T21:48:29
aa6ff011df87,www.bing.com,7,SEARCH,,,,,,,,,,,www.bing.com,[],Box Content Explorerのメタデータビュー,5c489a4342f7,2024-02-07T21:48:29
aa6ff011df87,medium.com/box-developer-japan-blog,5,INTERNAL,,,,,,,,POST,,,,,Box Content Explorerのメタデータビュー,5c489a4342f7,2024-02-07T21:48:29
aa6ff011df87,direct,4,DIRECT,,,,,,,,,,,,,Box Content Explorerのメタデータビュー,5c489a4342f7,2024-02-07T21:48:29
aa6ff011df87,medium.com,3,INTERNAL,,,,,,,,HOMEPAGE,,,,,Box Content Explorerのメタデータビュー,5c489a4342f7,2024-02-07T21:48:29
aa6ff011df87,medium.com/@ytaniguchi,1,INTERNAL,,,,,,,,POST,,,,,Box Content Explorerのメタデータビュー,5c489a4342f7,2024-02-07T21:48:29
aa6ff011df87,medium.com/box-developer-japan-blog/archive/2024/02,1,INTERNAL,,,,,,,,POST,,,,,Box Content Explorerのメタデータビュー,5c489a4342f7,2024-02-07T21:48:29
aa6ff011df87,hitachigroup.okta.com,1,SITE,,,,,,,,,https://hitachigroup.okta.com/,,,,Box Content Explorerのメタデータビュー,5c489a4342f7,2024-02-07T21:48:29
aa6ff011df87,medium.com/box-developer-japan-blog/latest,1,INTERNAL,,,,,,,,POST,,,,,Box Content Explorerのメタデータビュー,5c489a4342f7,2024-02-07T21:48:29
3d4ce650eb65,google.com,23,SEARCH,,,,,,,,,,,google.com,[],Box Pythonの次世代SDK: グループ,5c489a4342f7,2024-02-07T02:20:40
3d4ce650eb65,direct,4,DIRECT,,,,,,,,,,,,,Box Pythonの次世代SDK: グループ,5c489a4342f7,2024-02-07T02:20:40
3d4ce650eb65,medium.com/box-developer-japan-blog,3,INTERNAL,,,,,,,,POST,,,,,Box Pythonの次世代SDK: グループ,5c489a4342f7,2024-02-07T02:20:40
3d4ce650eb65,Medium emails and notifications,2,INTERNAL,,,,,,,,EMAIL,,,,,Box Pythonの次世代SDK: グループ,5c489a4342f7,2024-02-07T02:20:40
3d4ce650eb65,medium.com/box-developer-japan-blog/latest,2,INTERNAL,,,,,,,,COLLECTION,,,,,Box Pythonの次世代SDK: グループ,5c489a4342f7,2024-02-07T02:20:40
3d4ce650eb65,medium.com/box-developer-japan-blog/search,1,INTERNAL,,,,,,,,POST,,,,,Box Pythonの次世代SDK: グループ,5c489a4342f7,2024-02-07T02:20:40
3d4ce650eb65,medium.com/me/settings/security,1,INTERNAL,,,,,,,,POST,,,,,Box Pythonの次世代SDK: グループ,5c489a4342f7,2024-02-07T02:20:40
3d4ce650eb65,medium.com/m/callback/google,1,INTERNAL,,,,,,,,POST,,,,,Box Pythonの次世代SDK: グループ,5c489a4342f7,2024-02-07T02:20:40
3d4ce650eb65,www.bing.com,1,SEARCH,,,,,,,,,,,www.bing.com,[],Box Pythonの次世代SDK: グループ,5c489a4342f7,2024-02-07T02:20:40
3d4ce650eb65,Android device (not Medium app),1,SITE,,,,,,,,,android-app://com.google.android.googlequicksearchbox/,,,,Box Pythonの次世代SDK: グループ,5c489a4342f7,2024-02-07T02:20:40
09c1cf9718ff,google.com,38,SEARCH,,,,,,,,,,,google.com,[],Box Pythonの次世代SDK: ファイルリクエスト,5c489a4342f7,2024-01-31T23:17:35
09c1cf9718ff,direct,10,DIRECT,,,,,,,,,,,,,Box Pythonの次世代SDK: ファイルリクエスト,5c489a4342f7,2024-01-31T23:17:35
09c1cf9718ff,medium.com/box-developer-japan-blog,6,INTERNAL,,,,,,,,POST,,,,,Box Pythonの次世代SDK: ファイルリクエスト,5c489a4342f7,2024-01-31T23:17:35
09c1cf9718ff,www.bing.com,5,SEARCH,,,,,,,,,,,www.bing.com,[],Box Pythonの次世代SDK: ファイルリクエスト,5c489a4342f7,2024-01-31T23:17:35
09c1cf9718ff,medium.com/box-developer-japan-blog/search,3,INTERNAL,,,,,,,,POST,,,,,Box Pythonの次世代SDK: ファイルリクエスト,5c489a4342f7,2024-01-31T23:17:35
09c1cf9718ff,Medium emails and notifications,2,INTERNAL,,,,,,,,EMAIL,,,,,Box Pythonの次世代SDK: ファイルリクエスト,5c489a4342f7,2024-01-31T23:17:35
09c1cf9718ff,medium.com/@ytaniguchi,2,INTERNAL,,,,,,,,POST,,,,,Box Pythonの次世代SDK: ファイルリクエスト,5c489a4342f7,2024-01-31T23:17:35
09c1cf9718ff,statics.teams.cdn.office.net,1,SITE,,,,,,,,,https://statics.teams.cdn.office.net/,,,,Box Pythonの次世代SDK: ファイルリクエスト,5c489a4342f7,2024-01-31T23:17:35
09c1cf9718ff,medium.compub_entity/d4dda281ea02,1,INTERNAL,,,,,,,,POST,,,,,Box Pythonの次世代SDK: ファイルリクエスト,5c489a4342f7,2024-01-31T23:17:35
09c1cf9718ff,medium.com/me/notifications,1,INTERNAL,,,,,,,,POST,,,,,Box Pythonの次世代SDK: ファイルリクエスト,5c489a4342f7,2024-01-31T23:17:35
09c1cf9718ff,search.yahoo.co.jp,1,SITE,,,,,,,,,https://search.yahoo.co.jp/,,,,Box Pythonの次世代SDK: ファイルリクエスト,5c489a4342f7,2024-01-31T23:17:35
09c1cf9718ff,medium.com/box-developer-japan-blog/box-python%25E3%2581%25AE%25E6%25AC%25A1%25E4%25B8%2596%25E4%25BB%25A3sdk-%25E3%2583%2595%25E3%2582%25A1%25E3%2582%25A4%25E3%2583%25AB%25E3%2583%25AA%25E3%2582%25AF%25E3%2582%25A8%25E3%2582%25B9%25E3%2583%2588-09c1cf9718ff,1,INTERNAL,,,,,,,,POST,,,,,Box Pythonの次世代SDK: ファイルリクエスト,5c489a4342f7,2024-01-31T23:17:35
09c1cf9718ff,medium.com/box-developer-japan-blog/archive/2024/02,1,INTERNAL,,,,,,,,POST,,,,,Box Pythonの次世代SDK: ファイルリクエスト,5c489a4342f7,2024-01-31T23:17:35
09c1cf9718ff,medium.com/box-developer-japan-blog/latest,1,INTERNAL,,,,,,,,COLLECTION,,,,,Box Pythonの次世代SDK: ファイルリクエスト,5c489a4342f7,2024-01-31T23:17:35
d623f0679121,google.com,65,SEARCH,,,,,,,,,,,google.com,[],Box Pythonの次世代SDK: ユーザー,5c489a4342f7,2024-01-31T23:00:53
d623f0679121,www.bing.com,8,SEARCH,,,,,,,,,,,www.bing.com,[],Box Pythonの次世代SDK: ユーザー,5c489a4342f7,2024-01-31T23:00:53
d623f0679121,direct,5,DIRECT,,,,,,,,,,,,,Box Pythonの次世代SDK: ユーザー,5c489a4342f7,2024-01-31T23:00:53
d623f0679121,medium.com/box-developer-japan-blog,3,INTERNAL,,,,,,,,POST,,,,,Box Pythonの次世代SDK: ユーザー,5c489a4342f7,2024-01-31T23:00:53
d623f0679121,search.yahoo.co.jp,1,SITE,,,,,,,,,https://search.yahoo.co.jp/,,,,Box Pythonの次世代SDK: ユーザー,5c489a4342f7,2024-01-31T23:00:53
d623f0679121,medium.com/@ytaniguchi,1,INTERNAL,,,,,,,,POST,,,,,Box Pythonの次世代SDK: ユーザー,5c489a4342f7,2024-01-31T23:00:53
d623f0679121,medium.com/box-developer-japan-blog/box-python-sdk-3%E5%88%86%E3%81%A7%E3%82%BC%E3%83%AD%E3%81%8B%E3%82%89%E6%9C%80%E5%88%9D%E3%81%AE%E3%83%AA%E3%82%AF%E3%82%A8%E3%82%B9%E3%83%88%E3%82%92%E8%A1%8C%E3%81%86%E3%81%BE%E3%81%A7-dd54727500e2,1,INTERNAL,,,,,,,,POST,,,,,Box Pythonの次世代SDK: ユーザー,5c489a4342f7,2024-01-31T23:00:53
d623f0679121,medium.com/box-developer-japan-blog/latest,1,INTERNAL,,,,,,,,POST,,,,,Box Pythonの次世代SDK: ユーザー,5c489a4342f7,2024-01-31T23:00:53
fb22ecd92287,direct,9,DIRECT,,,,,,,,,,,,,Boxの開発者向けの製品管理アプローチについて,5c489a4342f7,2024-01-31T22:24:48
fb22ecd92287,medium.com/box-developer-japan-blog,4,INTERNAL,,,,,,,,POST,,,,,Boxの開発者向けの製品管理アプローチについて,5c489a4342f7,2024-01-31T22:24:48
fb22ecd92287,medium.com/@ytaniguchi,1,INTERNAL,,,,,,,,POST,,,,,Boxの開発者向けの製品管理アプローチについて,5c489a4342f7,2024-01-31T22:24:48
fb22ecd92287,medium.com/box-developer-japan-blog/latest,1,INTERNAL,,,,,,,,POST,,,,,Boxの開発者向けの製品管理アプローチについて,5c489a4342f7,2024-01-31T22:24:48
682542adca54,google.com,18,SEARCH,,,,,,,,,,,google.com,[],Box Signの構造化されたドキュメントの使用,5c489a4342f7,2024-01-16T00:57:59
682542adca54,direct,8,DIRECT,,,,,,,,,,,,,Box Signの構造化されたドキュメントの使用,5c489a4342f7,2024-01-16T00:57:59
682542adca54,www.bing.com,4,SEARCH,,,,,,,,,,,www.bing.com,[],Box Signの構造化されたドキュメントの使用,5c489a4342f7,2024-01-16T00:57:59
682542adca54,medium.com/@ytaniguchi,4,INTERNAL,,,,,,,,POST,,,,,Box Signの構造化されたドキュメントの使用,5c489a4342f7,2024-01-16T00:57:59
682542adca54,Medium emails and notifications,3,INTERNAL,,,,,,,,EMAIL,,,,,Box Signの構造化されたドキュメントの使用,5c489a4342f7,2024-01-16T00:57:59
682542adca54,medium.com/p/ec629628ea5b,1,INTERNAL,,,,,,,,POST,,,,,Box Signの構造化されたドキュメントの使用,5c489a4342f7,2024-01-16T00:57:59
682542adca54,medium.com/box-developer-japan-blog/archive/2024/01,1,INTERNAL,,,,,,,,POST,,,,,Box Signの構造化されたドキュメントの使用,5c489a4342f7,2024-01-16T00:57:59
682542adca54,medium.com/m/callback/google,1,INTERNAL,,,,,,,,POST,,,,,Box Signの構造化されたドキュメントの使用,5c489a4342f7,2024-01-16T00:57:59
682542adca54,medium.com/box-developer-japan-blog,1,INTERNAL,,,,,,,,POST,,,,,Box Signの構造化されたドキュメントの使用,5c489a4342f7,2024-01-16T00:57:59
682542adca54,search.fenrir-inc.com,1,SITE,,,,,,,,,https://search.fenrir-inc.com/,,,,Box Signの構造化されたドキュメントの使用,5c489a4342f7,2024-01-16T00:57:59
682542adca54,Unidentified feed reader,1,RSS,,,,,,,,,,,,,Box Signの構造化されたドキュメントの使用,5c489a4342f7,2024-01-16T00:57:59
682542adca54,duckduckgo.com,1,SITE,,,,,,,,,https://duckduckgo.com/,,,,Box Signの構造化されたドキュメントの使用,5c489a4342f7,2024-01-16T00:57:59
682542adca54,medium.com/box-developer-japan-blog/latest,1,INTERNAL,,,,,,,,POST,,,,,Box Signの構造化されたドキュメントの使用,5c489a4342f7,2024-01-16T00:57:59
e2d65d2c8821,google.com,16,SEARCH,,,,,,,,,,,google.com,[],Box Pythonの次世代SDK: タスクの使用,5c489a4342f7,2024-01-16T00:36:10
e2d65d2c8821,direct,3,DIRECT,,,,,,,,,,,,,Box Pythonの次世代SDK: タスクの使用,5c489a4342f7,2024-01-16T00:36:10
e2d65d2c8821,search.yahoo.co.jp,2,SITE,,,,,,,,,https://search.yahoo.co.jp/,,,,Box Pythonの次世代SDK: タスクの使用,5c489a4342f7,2024-01-16T00:36:10
e2d65d2c8821,medium.com/box-developer-japan-blog/archive/2024,1,INTERNAL,,,,,,,,POST,,,,,Box Pythonの次世代SDK: タスクの使用,5c489a4342f7,2024-01-16T00:36:10
e2d65d2c8821,medium.com/box-developer-japan-blog/archive/2024/01,1,INTERNAL,,,,,,,,POST,,,,,Box Pythonの次世代SDK: タスクの使用,5c489a4342f7,2024-01-16T00:36:10
e2d65d2c8821,medium.com/box-developer-japan-blog,1,INTERNAL,,,,,,,,POST,,,,,Box Pythonの次世代SDK: タスクの使用,5c489a4342f7,2024-01-16T00:36:10
80e1544faf6f,google.com,55,SEARCH,,,,,,,,,,,google.com,[],ReactプロジェクトでBox TS SDKを使用する,5c489a4342f7,2024-01-15T23:27:06
80e1544faf6f,direct,8,DIRECT,,,,,,,,,,,,,ReactプロジェクトでBox TS SDKを使用する,5c489a4342f7,2024-01-15T23:27:06
80e1544faf6f,www.bing.com,6,SEARCH,,,,,,,,,,,www.bing.com,[],ReactプロジェクトでBox TS SDKを使用する,5c489a4342f7,2024-01-15T23:27:06
80e1544faf6f,statics.teams.cdn.office.net,5,SITE,,,,,,,,,https://statics.teams.cdn.office.net/,,,,ReactプロジェクトでBox TS SDKを使用する,5c489a4342f7,2024-01-15T23:27:06
80e1544faf6f,medium.com/box-developer-japan-blog,4,INTERNAL,,,,,,,,POST,,,,,ReactプロジェクトでBox TS SDKを使用する,5c489a4342f7,2024-01-15T23:27:06
80e1544faf6f,medium.com/@ytaniguchi,3,INTERNAL,,,,,,,,POST,,,,,ReactプロジェクトでBox TS SDKを使用する,5c489a4342f7,2024-01-15T23:27:06
80e1544faf6f,medium.com/box-developer-japan-blog/%E3%83%96%E3%83%A9%E3%82%A6%E3%82%B6%E3%83%99%E3%83%BC%E3%82%B9%E3%81%AE%E3%83%97%E3%83%AD%E3%82%B8%E3%82%A7%E3%82%AF%E3%83%88%E3%81%A7box-ts-sdk%E3%82%92%E4%BD%BF%E7%94%A8%E3%81%99%E3%82%8B-8c5cf8d45b1e,2,INTERNAL,,,,,,,,POST,,,,,ReactプロジェクトでBox TS SDKを使用する,5c489a4342f7,2024-01-15T23:27:06
80e1544faf6f,medium.com/box-developer-japan-blog/archive/2024/01,1,INTERNAL,,,,,,,,POST,,,,,ReactプロジェクトでBox TS SDKを使用する,5c489a4342f7,2024-01-15T23:27:06
80e1544faf6f,edgeservices.bing.com,1,SITE,,,,,,,,,https://edgeservices.bing.com/,,,,ReactプロジェクトでBox TS SDKを使用する,5c489a4342f7,2024-01-15T23:27:06
80e1544faf6f,Unidentified feed reader,1,RSS,,,,,,,,,,,,,ReactプロジェクトでBox TS SDKを使用する,5c489a4342f7,2024-01-15T23:27:06
f4e7e70d4b41,medium.com/box-developer-japan-blog,6,INTERNAL,,,,,,,,POST,,,,,新しい「Box Platformについて」セクション,5c489a4342f7,2024-01-10T23:45:05
f4e7e70d4b41,direct,5,DIRECT,,,,,,,,,,,,,新しい「Box Platformについて」セクション,5c489a4342f7,2024-01-10T23:45:05
f4e7e70d4b41,medium.com/@ytaniguchi,4,INTERNAL,,,,,,,,POST,,,,,新しい「Box Platformについて」セクション,5c489a4342f7,2024-01-10T23:45:05
f4e7e70d4b41,google.com,2,SEARCH,,,,,,,,,,,google.com,[],新しい「Box Platformについて」セクション,5c489a4342f7,2024-01-10T23:45:05
f4e7e70d4b41,search.yahoo.co.jp,1,SITE,,,,,,,,,https://search.yahoo.co.jp/,,,,新しい「Box Platformについて」セクション,5c489a4342f7,2024-01-10T23:45:05
f4e7e70d4b41,Unidentified feed reader,1,RSS,,,,,,,,,,,,,新しい「Box Platformについて」セクション,5c489a4342f7,2024-01-10T23:45:05
238d0472b02c,google.com,43,SEARCH,,,,,,,,,,,google.com,[],Box Pythonの次世代SDK: コラボレーションの管理,5c489a4342f7,2023-12-20T01:44:20
238d0472b02c,medium.com/box-developer-japan-blog,6,INTERNAL,,,,,,,,POST,,,,,Box Pythonの次世代SDK: コラボレーションの管理,5c489a4342f7,2023-12-20T01:44:20
238d0472b02c,direct,5,DIRECT,,,,,,,,,,,,,Box Pythonの次世代SDK: コラボレーションの管理,5c489a4342f7,2023-12-20T01:44:20
238d0472b02c,www.bing.com,5,SEARCH,,,,,,,,,,,www.bing.com,[],Box Pythonの次世代SDK: コラボレーションの管理,5c489a4342f7,2023-12-20T01:44:20
238d0472b02c,Medium emails and notifications,3,INTERNAL,,,,,,,,EMAIL,,,,,Box Pythonの次世代SDK: コラボレーションの管理,5c489a4342f7,2023-12-20T01:44:20
238d0472b02c,search.yahoo.co.jp,1,SITE,,,,,,,,,https://search.yahoo.co.jp/,,,,Box Pythonの次世代SDK: コラボレーションの管理,5c489a4342f7,2023-12-20T01:44:20
612c4bafc0ef,google.com,148,SEARCH,,,,,,,,,,,google.com,[],Box Pythonの次世代SDK: JWTの使用,5c489a4342f7,2023-12-20T01:25:21
612c4bafc0ef,www.bing.com,42,SEARCH,,,,,,,,,,,www.bing.com,[],Box Pythonの次世代SDK: JWTの使用,5c489a4342f7,2023-12-20T01:25:21
612c4bafc0ef,direct,12,DIRECT,,,,,,,,,,,,,Box Pythonの次世代SDK: JWTの使用,5c489a4342f7,2023-12-20T01:25:21
612c4bafc0ef,medium.com/@ytaniguchi,8,INTERNAL,,,,,,,,POST,,,,,Box Pythonの次世代SDK: JWTの使用,5c489a4342f7,2023-12-20T01:25:21
612c4bafc0ef,medium.com/box-developer-japan-blog,5,INTERNAL,,,,,,,,POST,,,,,Box Pythonの次世代SDK: JWTの使用,5c489a4342f7,2023-12-20T01:25:21
612c4bafc0ef,medium.com,2,INTERNAL,,,,,,,,POST,,,,,Box Pythonの次世代SDK: JWTの使用,5c489a4342f7,2023-12-20T01:25:21
612c4bafc0ef,duckduckgo.com,1,SITE,,,,,,,,,https://duckduckgo.com/,,,,Box Pythonの次世代SDK: JWTの使用,5c489a4342f7,2023-12-20T01:25:21
c59632beeabe,google.com,150,SEARCH,,,,,,,,,,,google.com,[],Box Signテンプレートの使用,5c489a4342f7,2023-12-20T00:54:42
c59632beeabe,www.bing.com,47,SEARCH,,,,,,,,,,,www.bing.com,[],Box Signテンプレートの使用,5c489a4342f7,2023-12-20T00:54:42
c59632beeabe,search.yahoo.co.jp,16,SITE,,,,,,,,,https://search.yahoo.co.jp/,,,,Box Signテンプレートの使用,5c489a4342f7,2023-12-20T00:54:42
c59632beeabe,direct,10,DIRECT,,,,,,,,,,,,,Box Signテンプレートの使用,5c489a4342f7,2023-12-20T00:54:42
c59632beeabe,medium.com/box-developer-japan-blog/box-sign%25E3%2581%25AE%25E6%25A7%258B%25E9%2580%25A0%25E5%258C%2596%25E3%2581%2595%25E3%2582%258C%25E3%2581%259F%25E3%2583%2589%25E3%2582%25AD%25E3%2583%25A5%25E3%2583%25A1%25E3%2583%25B3%25E3%2583%2588%25E3%2581%25AE%25E4%25BD%25BF%25E7%2594%25A8-682542adca54,4,INTERNAL,,,,,,,,POST,,,,,Box Signテンプレートの使用,5c489a4342f7,2023-12-20T00:54:42
c59632beeabe,medium.com/@ytaniguchi,3,INTERNAL,,,,,,,,POST,,,,,Box Signテンプレートの使用,5c489a4342f7,2023-12-20T00:54:42
c59632beeabe,duckduckgo.com,3,SITE,,,,,,,,,https://duckduckgo.com/,,,,Box Signテンプレートの使用,5c489a4342f7,2023-12-20T00:54:42
c59632beeabe,medium.com,2,INTERNAL,,,,,,,,POST,,,,,Box Signテンプレートの使用,5c489a4342f7,2023-12-20T00:54:42
c59632beeabe,162.159.153.4:6080,1,SITE,,,,,,,,,http://162.159.153.4:6080/,,,,Box Signテンプレートの使用,5c489a4342f7,2023-12-20T00:54:42
8c5cf8d45b1e,google.com,87,SEARCH,,,,,,,,,,,google.com,[],ブラウザベースのプロジェクトでBox TS SDKを使用する,5c489a4342f7,2023-12-14T01:03:37
8c5cf8d45b1e,medium.com/box-developer-japan-blog,6,INTERNAL,,,,,,,,POST,,,,,ブラウザベースのプロジェクトでBox TS SDKを使用する,5c489a4342f7,2023-12-14T01:03:37
8c5cf8d45b1e,medium.com/@ytaniguchi,5,INTERNAL,,,,,,,,PROFILE,,,,,ブラウザベースのプロジェクトでBox TS SDKを使用する,5c489a4342f7,2023-12-14T01:03:37
8c5cf8d45b1e,medium.com/box-developer-japan-blog/%25E3%2583%2587%25E3%2582%25B8%25E3%2582%25BF%25E3%2583%25AB%25E3%2582%25AF%25E3%2583%25AA%25E3%2583%25BC%25E3%2583%25B3%25E3%2582%25A2%25E3%2583%2583%25E3%2583%2597%25E3%2583%2587%25E3%2583%25BC%25E3%2581%25A8box-api-8a1a14cfb8cd,2,INTERNAL,,,,,,,,POST,,,,,ブラウザベースのプロジェクトでBox TS SDKを使用する,5c489a4342f7,2023-12-14T01:03:37
8c5cf8d45b1e,medium.com/box-developer-japan-blog/react%E3%83%97%E3%83%AD%E3%82%B8%E3%82%A7%E3%82%AF%E3%83%88%E3%81%A7box-ts-sdk%E3%82%92%E4%BD%BF%E7%94%A8%E3%81%99%E3%82%8B-80e1544faf6f,2,INTERNAL,,,,,,,,POST,,,,,ブラウザベースのプロジェクトでBox TS SDKを使用する,5c489a4342f7,2023-12-14T01:03:37
8c5cf8d45b1e,feedly.com,2,SITE,,,,,,,,,https://feedly.com/,,,,ブラウザベースのプロジェクトでBox TS SDKを使用する,5c489a4342f7,2023-12-14T01:03:37
8c5cf8d45b1e,www.bing.com,2,SEARCH,,,,,,,,,,,www.bing.com,[],ブラウザベースのプロジェクトでBox TS SDKを使用する,5c489a4342f7,2023-12-14T01:03:37
8c5cf8d45b1e,edgeservices.bing.com,2,SITE,,,,,,,,,https://edgeservices.bing.com/,,,,ブラウザベースのプロジェクトでBox TS SDKを使用する,5c489a4342f7,2023-12-14T01:03:37
8c5cf8d45b1e,medium.com,2,INTERNAL,,,,,,,,POST,,,,,ブラウザベースのプロジェクトでBox TS SDKを使用する,5c489a4342f7,2023-12-14T01:03:37
8c5cf8d45b1e,direct,1,DIRECT,,,,,,,,,,,,,ブラウザベースのプロジェクトでBox TS SDKを使用する,5c489a4342f7,2023-12-14T01:03:37
8c5cf8d45b1e,Unidentified feed reader,1,RSS,,,,,,,,,,,,,ブラウザベースのプロジェクトでBox TS SDKを使用する,5c489a4342f7,2023-12-14T01:03:37
8c5cf8d45b1e,facebook.com,1,PLATFORM,,,,FACEBOOK,,,,,,,,,ブラウザベースのプロジェクトでBox TS SDKを使用する,5c489a4342f7,2023-12-14T01:03:37
1c7cff13c24d,google.com,133,SEARCH,,,,,,,,,,,google.com,[],Box Pythonの次世代SDK: CCGの使用,5c489a4342f7,2023-11-23T21:13:55
1c7cff13c24d,direct,50,DIRECT,,,,,,,,,,,,,Box Pythonの次世代SDK: CCGの使用,5c489a4342f7,2023-11-23T21:13:55
1c7cff13c24d,www.bing.com,23,SEARCH,,,,,,,,,,,www.bing.com,[],Box Pythonの次世代SDK: CCGの使用,5c489a4342f7,2023-11-23T21:13:55
1c7cff13c24d,medium.com/box-developer-japan-blog,8,INTERNAL,,,,,,,,POST,,,,,Box Pythonの次世代SDK: CCGの使用,5c489a4342f7,2023-11-23T21:13:55
1c7cff13c24d,medium.com,7,INTERNAL,,,,,,,,EMAIL,,,,,Box Pythonの次世代SDK: CCGの使用,5c489a4342f7,2023-11-23T21:13:55
1c7cff13c24d,medium.com/@ytaniguchi,3,INTERNAL,,,,,,,,POST,,,,,Box Pythonの次世代SDK: CCGの使用,5c489a4342f7,2023-11-23T21:13:55
1c7cff13c24d,search.yahoo.co.jp,2,SITE,,,,,,,,,https://search.yahoo.co.jp/,,,,Box Pythonの次世代SDK: CCGの使用,5c489a4342f7,2023-11-23T21:13:55
1c7cff13c24d,Android device (not Medium app),2,SITE,,,,,,,,,android-app://com.google.android.googlequicksearchbox/,,,,Box Pythonの次世代SDK: CCGの使用,5c489a4342f7,2023-11-23T21:13:55
1c7cff13c24d,hitachigroup.okta.com,1,SITE,,,,,,,,,https://hitachigroup.okta.com/,,,,Box Pythonの次世代SDK: CCGの使用,5c489a4342f7,2023-11-23T21:13:55
f6e7fa2d234e,google.com,76,SEARCH,,,,,,,,,,,google.com,[],Box Signの使用,5c489a4342f7,2023-11-23T21:13:05
f6e7fa2d234e,www.bing.com,29,SEARCH,,,,,,,,,,,www.bing.com,[],Box Signの使用,5c489a4342f7,2023-11-23T21:13:05
f6e7fa2d234e,direct,12,DIRECT,,,,,,,,,,,,,Box Signの使用,5c489a4342f7,2023-11-23T21:13:05
f6e7fa2d234e,medium.com/box-developer-japan-blog/box-sign%25E3%2583%2586%25E3%2583%25B3%25E3%2583%2597%25E3%2583%25AC%25E3%2583%25BC%25E3%2583%2588%25E3%2581%25AE%25E4%25BD%25BF%25E7%2594%25A8-c59632beeabe,6,INTERNAL,,,,,,,,POST,,,,,Box Signの使用,5c489a4342f7,2023-11-23T21:13:05
f6e7fa2d234e,medium.com/box-developer-japan-blog,4,INTERNAL,,,,,,,,POST,,,,,Box Signの使用,5c489a4342f7,2023-11-23T21:13:05
f6e7fa2d234e,medium.com/@ytaniguchi,2,INTERNAL,,,,,,,,POST,,,,,Box Signの使用,5c489a4342f7,2023-11-23T21:13:05
f6e7fa2d234e,medium.com,2,INTERNAL,,,,,,,,HOMEPAGE,,,,,Box Signの使用,5c489a4342f7,2023-11-23T21:13:05
f6e7fa2d234e,intra-4th-valley.atlassian.net,1,SITE,,,,,,,,,https://intra-4th-valley.atlassian.net/,,,,Box Signの使用,5c489a4342f7,2023-11-23T21:13:05
f6e7fa2d234e,search.yahoo.co.jp,1,SITE,,,,,,,,,https://search.yahoo.co.jp/,,,,Box Signの使用,5c489a4342f7,2023-11-23T21:13:05
f6e7fa2d234e,duckduckgo.com,1,SITE,,,,,,,,,https://duckduckgo.com/,,,,Box Signの使用,5c489a4342f7,2023-11-23T21:13:05
77aa1608c582,google.com,252,SEARCH,,,,,,,,,,,google.com,[],Box Pythonの次世代SDK: OAuth 2.0の使用,5c489a4342f7,2023-11-22T02:45:54
77aa1608c582,www.bing.com,18,SEARCH,,,,,,,,,,,www.bing.com,[],Box Pythonの次世代SDK: OAuth 2.0の使用,5c489a4342f7,2023-11-22T02:45:54
77aa1608c582,direct,13,DIRECT,,,,,,,,,,,,,Box Pythonの次世代SDK: OAuth 2.0の使用,5c489a4342f7,2023-11-22T02:45:54
77aa1608c582,medium.com/box-developer-japan-blog,9,INTERNAL,,,,,,,,POST,,,,,Box Pythonの次世代SDK: OAuth 2.0の使用,5c489a4342f7,2023-11-22T02:45:54
77aa1608c582,medium.com/@ytaniguchi,7,INTERNAL,,,,,,,,PROFILE,,,,,Box Pythonの次世代SDK: OAuth 2.0の使用,5c489a4342f7,2023-11-22T02:45:54
77aa1608c582,medium.com,6,INTERNAL,,,,,,,,HOMEPAGE,,,,,Box Pythonの次世代SDK: OAuth 2.0の使用,5c489a4342f7,2023-11-22T02:45:54
77aa1608c582,search.yahoo.co.jp,3,SITE,,,,,,,,,https://search.yahoo.co.jp/,,,,Box Pythonの次世代SDK: OAuth 2.0の使用,5c489a4342f7,2023-11-22T02:45:54
77aa1608c582,statics.teams.cdn.office.net,1,SITE,,,,,,,,,https://statics.teams.cdn.office.net/,,,,Box Pythonの次世代SDK: OAuth 2.0の使用,5c489a4342f7,2023-11-22T02:45:54
77aa1608c582,Android device (not Medium app),1,SITE,,,,,,,,,android-app://com.google.android.googlequicksearchbox/,,,,Box Pythonの次世代SDK: OAuth 2.0の使用,5c489a4342f7,2023-11-22T02:45:54
77aa1608c582,duckduckgo.com,1,SITE,,,,,,,,,https://duckduckgo.com/,,,,Box Pythonの次世代SDK: OAuth 2.0の使用,5c489a4342f7,2023-11-22T02:45:54
e5b4359da9d4,google.com,286,SEARCH,,,,,,,,,,,google.com,[],Pythonを使用したBoxのフォルダツリーの再構築,5c489a4342f7,2023-11-22T01:50:16
e5b4359da9d4,www.bing.com,37,SEARCH,,,,,,,,,,,www.bing.com,[],Pythonを使用したBoxのフォルダツリーの再構築,5c489a4342f7,2023-11-22T01:50:16
e5b4359da9d4,medium.com/box-developer-japan-blog,11,INTERNAL,,,,,,,,POST,,,,,Pythonを使用したBoxのフォルダツリーの再構築,5c489a4342f7,2023-11-22T01:50:16
e5b4359da9d4,search.yahoo.co.jp,10,SITE,,,,,,,,,https://search.yahoo.co.jp/,,,,Pythonを使用したBoxのフォルダツリーの再構築,5c489a4342f7,2023-11-22T01:50:16
e5b4359da9d4,direct,9,DIRECT,,,,,,,,,,,,,Pythonを使用したBoxのフォルダツリーの再構築,5c489a4342f7,2023-11-22T01:50:16
e5b4359da9d4,162.159.152.4:6080,3,SITE,,,,,,,,,http://162.159.152.4:6080/,,,,Pythonを使用したBoxのフォルダツリーの再構築,5c489a4342f7,2023-11-22T01:50:16
e5b4359da9d4,webaccess.in.kyocera.co.jp:6082,2,SITE,,,,,,,,,https://webaccess.in.kyocera.co.jp:6082/,,,,Pythonを使用したBoxのフォルダツリーの再構築,5c489a4342f7,2023-11-22T01:50:16
e5b4359da9d4,medium.com,2,INTERNAL,,,,,,,,POST,,,,,Pythonを使用したBoxのフォルダツリーの再構築,5c489a4342f7,2023-11-22T01:50:16
e5b4359da9d4,presearch.com,1,SITE,,,,,,,,,https://presearch.com/,,,,Pythonを使用したBoxのフォルダツリーの再構築,5c489a4342f7,2023-11-22T01:50:16
e5b4359da9d4,Unidentified feed reader,1,RSS,,,,,,,,,,,,,Pythonを使用したBoxのフォルダツリーの再構築,5c489a4342f7,2023-11-22T01:50:16
e5b4359da9d4,hitachigroup.okta.com,1,SITE,,,,,,,,,https://hitachigroup.okta.com/,,,,Pythonを使用したBoxのフォルダツリーの再構築,5c489a4342f7,2023-11-22T01:50:16
adbf736690c0,google.com,171,SEARCH,,,,,,,,,,,google.com,[],Box Platformでのコンテンツの検索,5c489a4342f7,2023-11-22T01:27:53
adbf736690c0,www.bing.com,16,SEARCH,,,,,,,,,,,www.bing.com,[],Box Platformでのコンテンツの検索,5c489a4342f7,2023-11-22T01:27:53
adbf736690c0,direct,11,DIRECT,,,,,,,,,,,,,Box Platformでのコンテンツの検索,5c489a4342f7,2023-11-22T01:27:53
adbf736690c0,search.yahoo.co.jp,7,SITE,,,,,,,,,https://search.yahoo.co.jp/,,,,Box Platformでのコンテンツの検索,5c489a4342f7,2023-11-22T01:27:53
adbf736690c0,medium.com/@ytaniguchi,5,INTERNAL,,,,,,,,POST,,,,,Box Platformでのコンテンツの検索,5c489a4342f7,2023-11-22T01:27:53
adbf736690c0,medium.com,5,INTERNAL,,,,,,,,EMAIL,,,,,Box Platformでのコンテンツの検索,5c489a4342f7,2023-11-22T01:27:53
adbf736690c0,medium.com/box-developer-japan-blog,4,INTERNAL,,,,,,,,POST,,,,,Box Platformでのコンテンツの検索,5c489a4342f7,2023-11-22T01:27:53
adbf736690c0,162.159.153.4:6080,1,SITE,,,,,,,,,http://162.159.153.4:6080/,,,,Box Platformでのコンテンツの検索,5c489a4342f7,2023-11-22T01:27:53
adbf736690c0,Unidentified feed reader,1,RSS,,,,,,,,,,,,,Box Platformでのコンテンツの検索,5c489a4342f7,2023-11-22T01:27:53
442415a8a80a,google.com,48,SEARCH,,,,,,,,,,,google.com,[],Postmanコレクションの展開を次のレベルに進める,5c489a4342f7,2023-11-21T23:16:17
442415a8a80a,www.bing.com,1,SEARCH,,,,,,,,,,,www.bing.com,[],Postmanコレクションの展開を次のレベルに進める,5c489a4342f7,2023-11-21T23:16:17
442415a8a80a,medium.com/@ytaniguchi,1,INTERNAL,,,,,,,,POST,,,,,Postmanコレクションの展開を次のレベルに進める,5c489a4342f7,2023-11-21T23:16:17
8d596a4460ab,www.bing.com,30,SEARCH,,,,,,,,,,,www.bing.com,[],Box Platformでのコメントの使用,5c489a4342f7,2023-11-21T22:43:51
8d596a4460ab,google.com,18,SEARCH,,,,,,,,,,,google.com,[],Box Platformでのコメントの使用,5c489a4342f7,2023-11-21T22:43:51
8d596a4460ab,direct,8,DIRECT,,,,,,,,,,,,,Box Platformでのコメントの使用,5c489a4342f7,2023-11-21T22:43:51
8d596a4460ab,search.yahoo.co.jp,3,SITE,,,,,,,,,https://search.yahoo.co.jp/,,,,Box Platformでのコメントの使用,5c489a4342f7,2023-11-21T22:43:51
8d596a4460ab,medium.com/box-developer-japan-blog,2,INTERNAL,,,,,,,,COLLECTION,,,,,Box Platformでのコメントの使用,5c489a4342f7,2023-11-21T22:43:51
8d596a4460ab,medium.com/@ytaniguchi,2,INTERNAL,,,,,,,,POST,,,,,Box Platformでのコメントの使用,5c489a4342f7,2023-11-21T22:43:51
8d596a4460ab,duckduckgo.com,1,SITE,,,,,,,,,https://duckduckgo.com/,,,,Box Platformでのコメントの使用,5c489a4342f7,2023-11-21T22:43:51
a6979847d031,google.com,167,SEARCH,,,,,,,,,,,google.com,[],Box AI APIのプレビュー,5c489a4342f7,2023-11-14T00:59:34
a6979847d031,direct,34,DIRECT,,,,,,,,,,,,,Box AI APIのプレビュー,5c489a4342f7,2023-11-14T00:59:34
a6979847d031,www.bing.com,28,SEARCH,,,,,,,,,,,www.bing.com,[],Box AI APIのプレビュー,5c489a4342f7,2023-11-14T00:59:34
a6979847d031,medium.com/box-developer-japan-blog,9,INTERNAL,,,,,,,,COLLECTION,,,,,Box AI APIのプレビュー,5c489a4342f7,2023-11-14T00:59:34
a6979847d031,medium.com,8,INTERNAL,,,,,,,,HOMEPAGE,,,,,Box AI APIのプレビュー,5c489a4342f7,2023-11-14T00:59:34
a6979847d031,medium.com/@ytaniguchi,7,INTERNAL,,,,,,,,PROFILE,,,,,Box AI APIのプレビュー,5c489a4342f7,2023-11-14T00:59:34
a6979847d031,hitachigroup.okta.com,4,SITE,,,,,,,,,https://hitachigroup.okta.com/,,,,Box AI APIのプレビュー,5c489a4342f7,2023-11-14T00:59:34
a6979847d031,medium.com/box-developer-japan-blog/box%E3%81%AE%E3%83%A1%E3%82%BF%E3%83%87%E3%83%BC%E3%82%BF%E7%AE%A1%E7%90%86%E3%81%AE%E5%85%A5%E9%96%80%E3%82%AC%E3%82%A4%E3%83%89-6859de6e29ff,3,INTERNAL,,,,,,,,POST,,,,,Box AI APIのプレビュー,5c489a4342f7,2023-11-14T00:59:34
a6979847d031,Medium emails and notifications,3,INTERNAL,,,,,,,,EMAIL,,,,,Box AI APIのプレビュー,5c489a4342f7,2023-11-14T00:59:34
a6979847d031,medium.com/box-developer-japan-blog/%25E6%2596%25B0%25E6%25A9%259F%25E8%2583%25BD-box-ai-api%25E3%2581%25A8developer-zone%25E3%2581%25AE%25E3%2583%2591%25E3%2583%2596%25E3%2583%25AA%25E3%2583%2583%25E3%2582%25AF%25E3%2583%2599%25E3%2583%25BC%25E3%2582%25BF%25E7%2589%2588-f5647e888f15,3,INTERNAL,,,,,,,,POST,,,,,Box AI APIのプレビュー,5c489a4342f7,2023-11-14T00:59:34
a6979847d031,statics.teams.cdn.office.net,2,SITE,,,,,,,,,https://statics.teams.cdn.office.net/,,,,Box AI APIのプレビュー,5c489a4342f7,2023-11-14T00:59:34
a6979847d031,search.yahoo.co.jp,2,SITE,,,,,,,,,https://search.yahoo.co.jp/,,,,Box AI APIのプレビュー,5c489a4342f7,2023-11-14T00:59:34
c6648ff9f763,google.com,16,SEARCH,,,,,,,,,,,google.com,[],Box + Salesforce: Box Signの書き戻しフロー,5c489a4342f7,2023-10-31T01:26:19
c6648ff9f763,direct,12,DIRECT,,,,,,,,,,,,,Box + Salesforce: Box Signの書き戻しフロー,5c489a4342f7,2023-10-31T01:26:19
c6648ff9f763,medium.com/box-developer-japan-blog,6,INTERNAL,,,,,,,,POST,,,,,Box + Salesforce: Box Signの書き戻しフロー,5c489a4342f7,2023-10-31T01:26:19
c6648ff9f763,medium.com/@ytaniguchi,3,INTERNAL,,,,,,,,POST,,,,,Box + Salesforce: Box Signの書き戻しフロー,5c489a4342f7,2023-10-31T01:26:19
c6648ff9f763,support.box.com,2,SITE,,,,,,,,,https://support.box.com/,,,,Box + Salesforce: Box Signの書き戻しフロー,5c489a4342f7,2023-10-31T01:26:19
c6648ff9f763,medium.com/box-developer-japan-blog/box%E3%81%A8salesforce%E3%83%95%E3%83%AD%E3%83%BC%E3%81%AB%E9%96%A2%E3%81%99%E3%82%8B%E3%83%81%E3%83%A5%E3%83%BC%E3%83%88%E3%83%AA%E3%82%A2%E3%83%AB-e63e9bd18830,2,INTERNAL,,,,,,,,POST,,,,,Box + Salesforce: Box Signの書き戻しフロー,5c489a4342f7,2023-10-31T01:26:19
5451538f836a,google.com,76,SEARCH,,,,,,,,,,,google.com,[],Box Postmanの高度なコレクション,5c489a4342f7,2023-10-31T01:24:48
5451538f836a,direct,13,DIRECT,,,,,,,,,,,,,Box Postmanの高度なコレクション,5c489a4342f7,2023-10-31T01:24:48
5451538f836a,medium.com/box-developer-japan-blog,7,INTERNAL,,,,,,,,COLLECTION,,,,,Box Postmanの高度なコレクション,5c489a4342f7,2023-10-31T01:24:48
5451538f836a,search.yahoo.co.jp,2,SITE,,,,,,,,,https://search.yahoo.co.jp/,,,,Box Postmanの高度なコレクション,5c489a4342f7,2023-10-31T01:24:48
5451538f836a,www.bing.com,2,SEARCH,,,,,,,,,,,www.bing.com,[],Box Postmanの高度なコレクション,5c489a4342f7,2023-10-31T01:24:48
5451538f836a,medium.com,2,INTERNAL,,,,,,,,POST,,,,,Box Postmanの高度なコレクション,5c489a4342f7,2023-10-31T01:24:48
04d68a666d95,google.com,67,SEARCH,,,,,,,,,,,google.com,[],Boxでファイルレプリゼンテーションを最大限活用する,5c489a4342f7,2023-10-30T22:42:19
04d68a666d95,direct,10,DIRECT,,,,,,,,,,,,,Boxでファイルレプリゼンテーションを最大限活用する,5c489a4342f7,2023-10-30T22:42:19
04d68a666d95,www.bing.com,5,SEARCH,,,,,,,,,,,www.bing.com,[],Boxでファイルレプリゼンテーションを最大限活用する,5c489a4342f7,2023-10-30T22:42:19
04d68a666d95,medium.com/@ytaniguchi,4,INTERNAL,,,,,,,,POST,,,,,Boxでファイルレプリゼンテーションを最大限活用する,5c489a4342f7,2023-10-30T22:42:19
04d68a666d95,medium.com/box-developer-japan-blog,2,INTERNAL,,,,,,,,POST,,,,,Boxでファイルレプリゼンテーションを最大限活用する,5c489a4342f7,2023-10-30T22:42:19
5d1595a6d125,google.com,89,SEARCH,,,,,,,,,,,google.com,[],最初のBox Node.jsアプリのデバッグで学んだすべてのこと,5c489a4342f7,2023-10-30T22:25:00
5d1595a6d125,direct,6,DIRECT,,,,,,,,,,,,,最初のBox Node.jsアプリのデバッグで学んだすべてのこと,5c489a4342f7,2023-10-30T22:25:00
5d1595a6d125,medium.com,4,INTERNAL,,,,,,,,POST,,,,,最初のBox Node.jsアプリのデバッグで学んだすべてのこと,5c489a4342f7,2023-10-30T22:25:00
5d1595a6d125,search.yahoo.co.jp,3,SITE,,,,,,,,,https://search.yahoo.co.jp/,,,,最初のBox Node.jsアプリのデバッグで学んだすべてのこと,5c489a4342f7,2023-10-30T22:25:00
5d1595a6d125,www.bing.com,3,SEARCH,,,,,,,,,,,www.bing.com,[],最初のBox Node.jsアプリのデバッグで学んだすべてのこと,5c489a4342f7,2023-10-30T22:25:00
5d1595a6d125,medium.com/box-developer-japan-blog,2,INTERNAL,,,,,,,,POST,,,,,最初のBox Node.jsアプリのデバッグで学んだすべてのこと,5c489a4342f7,2023-10-30T22:25:00
5d1595a6d125,medium.com/@ytaniguchi,2,INTERNAL,,,,,,,,POST,,,,,最初のBox Node.jsアプリのデバッグで学んだすべてのこと,5c489a4342f7,2023-10-30T22:25:00
5d1595a6d125,Android device (not Medium app),2,SITE,,,,,,,,,android-app://com.google.android.googlequicksearchbox/,,,,最初のBox Node.jsアプリのデバッグで学んだすべてのこと,5c489a4342f7,2023-10-30T22:25:00
5d1595a6d125,duckduckgo.com,1,SITE,,,,,,,,,https://duckduckgo.com/,,,,最初のBox Node.jsアプリのデバッグで学んだすべてのこと,5c489a4342f7,2023-10-30T22:25:00
3a18fd5d0656,google.com,14,SEARCH,,,,,,,,,,,google.com,[],Box Platformの基本用語集,5c489a4342f7,2023-10-30T22:04:11
3a18fd5d0656,www.bing.com,13,SEARCH,,,,,,,,,,,www.bing.com,[],Box Platformの基本用語集,5c489a4342f7,2023-10-30T22:04:11
3a18fd5d0656,medium.com/@ytaniguchi,7,INTERNAL,,,,,,,,PROFILE,,,,,Box Platformの基本用語集,5c489a4342f7,2023-10-30T22:04:11
3a18fd5d0656,direct,5,DIRECT,,,,,,,,,,,,,Box Platformの基本用語集,5c489a4342f7,2023-10-30T22:04:11
3a18fd5d0656,search.yahoo.co.jp,4,SITE,,,,,,,,,https://search.yahoo.co.jp/,,,,Box Platformの基本用語集,5c489a4342f7,2023-10-30T22:04:11
3a18fd5d0656,medium.com/box-developer-japan-blog,3,INTERNAL,,,,,,,,POST,,,,,Box Platformの基本用語集,5c489a4342f7,2023-10-30T22:04:11
3a18fd5d0656,Medium emails and notifications,2,INTERNAL,,,,,,,,EMAIL,,,,,Box Platformの基本用語集,5c489a4342f7,2023-10-30T22:04:11
3a18fd5d0656,medium.com/box-developer-japan-blog/tagged/box-platform,1,INTERNAL,,,,,,,,POST,,,,,Box Platformの基本用語集,5c489a4342f7,2023-10-30T22:04:11
3a18fd5d0656,medium.com/box-developer-japan-blog/box-platform%25E9%2596%258B%25E7%2599%25BA%25E8%2580%2585%25E3%2582%25A8%25E3%2582%25B3%25E3%2582%25B7%25E3%2582%25B9%25E3%2583%2586%25E3%2583%25A0%25E3%2581%25AE%25E3%2581%2594%25E6%25A1%2588%25E5%2586%2585-6ac1e1070143,1,INTERNAL,,,,,,,,POST,,,,,Box Platformの基本用語集,5c489a4342f7,2023-10-30T22:04:11
3a18fd5d0656,medium.com/box-developer-japan-blog/box-platform%E3%81%AE%E5%9F%BA%E6%9C%AC-%E8%AA%8D%E8%A8%BC%E6%96%B9%E6%B3%95%E3%81%AE%E5%9F%BA%E7%A4%8E-f9360a052e41,1,INTERNAL,,,,,,,,POST,,,,,Box Platformの基本用語集,5c489a4342f7,2023-10-30T22:04:11
e261c7d90d45,google.com,81,SEARCH,,,,,,,,,,,google.com,[],共有リンクの説明: 開発者向けガイド,5c489a4342f7,2023-10-12T02:09:52
e261c7d90d45,www.bing.com,41,SEARCH,,,,,,,,,,,www.bing.com,[],共有リンクの説明: 開発者向けガイド,5c489a4342f7,2023-10-12T02:09:52
e261c7d90d45,search.yahoo.co.jp,9,SITE,,,,,,,,,https://search.yahoo.co.jp/,,,,共有リンクの説明: 開発者向けガイド,5c489a4342f7,2023-10-12T02:09:52
e261c7d90d45,direct,6,DIRECT,,,,,,,,,,,,,共有リンクの説明: 開発者向けガイド,5c489a4342f7,2023-10-12T02:09:52
e261c7d90d45,medium.com/box-developer-japan-blog,5,INTERNAL,,,,,,,,POST,,,,,共有リンクの説明: 開発者向けガイド,5c489a4342f7,2023-10-12T02:09:52
e261c7d90d45,medium.com/@ytaniguchi,5,INTERNAL,,,,,,,,PROFILE,,,,,共有リンクの説明: 開発者向けガイド,5c489a4342f7,2023-10-12T02:09:52
e261c7d90d45,medium.com,4,INTERNAL,,,,,,,,HOMEPAGE,,,,,共有リンクの説明: 開発者向けガイド,5c489a4342f7,2023-10-12T02:09:52
e261c7d90d45,websearch.rakuten.co.jp,1,SITE,,,,,,,,,https://websearch.rakuten.co.jp/,,,,共有リンクの説明: 開発者向けガイド,5c489a4342f7,2023-10-12T02:09:52
e261c7d90d45,hitachigroup.okta.com,1,SITE,,,,,,,,,https://hitachigroup.okta.com/,,,,共有リンクの説明: 開発者向けガイド,5c489a4342f7,2023-10-12T02:09:52
e261c7d90d45,duckduckgo.com,1,SITE,,,,,,,,,https://duckduckgo.com/,,,,共有リンクの説明: 開発者向けガイド,5c489a4342f7,2023-10-12T02:09:52
328dc12d3af4,medium.com/box-developer-japan-blog,3,INTERNAL,,,,,,,,POST,,,,,Box + Salesforce: Slack統合マッピングを備えたフロー,5c489a4342f7,2023-10-12T01:49:03
328dc12d3af4,medium.com/@ytaniguchi,3,INTERNAL,,,,,,,,POST,,,,,Box + Salesforce: Slack統合マッピングを備えたフロー,5c489a4342f7,2023-10-12T01:49:03
328dc12d3af4,Medium emails and notifications,1,INTERNAL,,,,,,,,EMAIL,,,,,Box + Salesforce: Slack統合マッピングを備えたフロー,5c489a4342f7,2023-10-12T01:49:03
328dc12d3af4,direct,1,DIRECT,,,,,,,,,,,,,Box + Salesforce: Slack統合マッピングを備えたフロー,5c489a4342f7,2023-10-12T01:49:03
328dc12d3af4,google.com,1,SEARCH,,,,,,,,,,,google.com,[],Box + Salesforce: Slack統合マッピングを備えたフロー,5c489a4342f7,2023-10-12T01:49:03
328dc12d3af4,Unidentified feed reader,1,RSS,,,,,,,,,,,,,Box + Salesforce: Slack統合マッピングを備えたフロー,5c489a4342f7,2023-10-12T01:49:03
328dc12d3af4,medium.com/box-developer-japan-blog/tagged/salesforce,1,INTERNAL,,,,,,,,POST,,,,,Box + Salesforce: Slack統合マッピングを備えたフロー,5c489a4342f7,2023-10-12T01:49:03
d533c1d72b32,google.com,313,SEARCH,,,,,,,,,,,google.com,[],Box + Salesforce: 画面フローとExperience Cloud,5c489a4342f7,2023-10-11T03:47:35
d533c1d72b32,direct,54,DIRECT,,,,,,,,,,,,,Box + Salesforce: 画面フローとExperience Cloud,5c489a4342f7,2023-10-11T03:47:35
d533c1d72b32,medium.com,16,INTERNAL,,,,,,,,HOMEPAGE,,,,,Box + Salesforce: 画面フローとExperience Cloud,5c489a4342f7,2023-10-11T03:47:35
d533c1d72b32,www.bing.com,15,SEARCH,,,,,,,,,,,www.bing.com,[],Box + Salesforce: 画面フローとExperience Cloud,5c489a4342f7,2023-10-11T03:47:35
d533c1d72b32,medium.com/@ytaniguchi,7,INTERNAL,,,,,,,,POST,,,,,Box + Salesforce: 画面フローとExperience Cloud,5c489a4342f7,2023-10-11T03:47:35
d533c1d72b32,app.jooto.com,1,SITE,,,,,,,,,https://app.jooto.com/,,,,Box + Salesforce: 画面フローとExperience Cloud,5c489a4342f7,2023-10-11T03:47:35
d533c1d72b32,search.yahoo.co.jp,1,SITE,,,,,,,,,https://search.yahoo.co.jp/,,,,Box + Salesforce: 画面フローとExperience Cloud,5c489a4342f7,2023-10-11T03:47:35
d533c1d72b32,Unidentified feed reader,1,RSS,,,,,,,,,,,,,Box + Salesforce: 画面フローとExperience Cloud,5c489a4342f7,2023-10-11T03:47:35
d533c1d72b32,Android device (not Medium app),1,SITE,,,,,,,,,android-app://com.google.android.googlequicksearchbox/,,,,Box + Salesforce: 画面フローとExperience Cloud,5c489a4342f7,2023-10-11T03:47:35
47cb340efa7e,google.com,104,SEARCH,,,,,,,,,,,google.com,[],[新機能] Box TypeScript SDK Generated,5c489a4342f7,2023-10-05T02:58:19
47cb340efa7e,direct,11,DIRECT,,,,,,,,,,,,,[新機能] Box TypeScript SDK Generated,5c489a4342f7,2023-10-05T02:58:19
47cb340efa7e,medium.com,9,INTERNAL,,,,,,,,POST,,,,,[新機能] Box TypeScript SDK Generated,5c489a4342f7,2023-10-05T02:58:19
47cb340efa7e,www.bing.com,7,SEARCH,,,,,,,,,,,www.bing.com,[],[新機能] Box TypeScript SDK Generated,5c489a4342f7,2023-10-05T02:58:19
47cb340efa7e,medium.com/@ytaniguchi,5,INTERNAL,,,,,,,,POST,,,,,[新機能] Box TypeScript SDK Generated,5c489a4342f7,2023-10-05T02:58:19
f9360a052e41,google.com,244,SEARCH,,,,,,,,,,,google.com,[],Box Platformの基本: 認証方法の基礎,5c489a4342f7,2023-10-04T03:49:42
f9360a052e41,www.bing.com,143,SEARCH,,,,,,,,,,,www.bing.com,[],Box Platformの基本: 認証方法の基礎,5c489a4342f7,2023-10-04T03:49:42
f9360a052e41,direct,44,DIRECT,,,,,,,,,,,,,Box Platformの基本: 認証方法の基礎,5c489a4342f7,2023-10-04T03:49:42
f9360a052e41,medium.com,13,INTERNAL,,,,,,,,POST,,,,,Box Platformの基本: 認証方法の基礎,5c489a4342f7,2023-10-04T03:49:42
f9360a052e41,medium.com/box-developer-japan-blog,11,INTERNAL,,,,,,,,COLLECTION,,,,,Box Platformの基本: 認証方法の基礎,5c489a4342f7,2023-10-04T03:49:42
f9360a052e41,medium.com/@ytaniguchi,10,INTERNAL,,,,,,,,PROFILE,,,,,Box Platformの基本: 認証方法の基礎,5c489a4342f7,2023-10-04T03:49:42
f9360a052e41,search.yahoo.co.jp,9,SITE,,,,,,,,,https://search.yahoo.co.jp/,,,,Box Platformの基本: 認証方法の基礎,5c489a4342f7,2023-10-04T03:49:42
f9360a052e41,medium.com/box-developer-japan-blog/box-node-js-sdk%E3%81%A8oauth-2-0%E3%81%AE%E4%BD%BF%E7%94%A8-df0058773c26,5,INTERNAL,,,,,,,,POST,,,,,Box Platformの基本: 認証方法の基礎,5c489a4342f7,2023-10-04T03:49:42
f9360a052e41,statics.teams.cdn.office.net,3,SITE,,,,,,,,,https://statics.teams.cdn.office.net/,,,,Box Platformの基本: 認証方法の基礎,5c489a4342f7,2023-10-04T03:49:42
f9360a052e41,edgeservices.bing.com,2,SITE,,,,,,,,,https://edgeservices.bing.com/,,,,Box Platformの基本: 認証方法の基礎,5c489a4342f7,2023-10-04T03:49:42
f9360a052e41,duckduckgo.com,2,SITE,,,,,,,,,https://duckduckgo.com/,,,,Box Platformの基本: 認証方法の基礎,5c489a4342f7,2023-10-04T03:49:42
f9360a052e41,mkitec.lightning.force.com,1,SITE,,,,,,,,,https://mkitec.lightning.force.com/,,,,Box Platformの基本: 認証方法の基礎,5c489a4342f7,2023-10-04T03:49:42
f9360a052e41,search.fenrir-inc.com,1,SITE,,,,,,,,,https://search.fenrir-inc.com/,,,,Box Platformの基本: 認証方法の基礎,5c489a4342f7,2023-10-04T03:49:42
f9360a052e41,teams.microsoft.com,1,SITE,,,,,,,,,https://teams.microsoft.com/,,,,Box Platformの基本: 認証方法の基礎,5c489a4342f7,2023-10-04T03:49:42
